"","X1","X2","X3","X4","X5","X6","X7","X8","X9","X10","X11","X12","X13","X14","X15","X16","X17","X18","X19","X20","X21","X22","X23","X24","X25","X26","X27","X28","X29","X30","X31","X32","X33","X34","X35","X36","X37","X38","X39","X40","X41","X42","X43","X44","X45","X46","X47","X48","X49","X50","X51","X52","X53","X54","X55","X56","X57","X58","X59","X60","X61","X62","X63","X64","X65","X66","X67","X68","X69","X70","X71","X72","X73","X74","X75","X76","X77","X78","X79","X80","X81","X82","X83","X84","X85","X86","X87","X88","X89","X90","X91","X92","X93","X94","X95","X96","X97","X98","X99","X100","X101","X102","X103","X104","X105","X106","X107","X108","X109","X110","X111","X112","X113","X114","X115","X116","X117","X118","X119","X120","X121","X122","X123","X124","X125","X126","X127","X128","X129","X130","X131","X132","X133","X134","X135","X136","X137","X138","X139"
"Afghanistan",0,0,0,0,0,0,0,0,0,0,0,0,0,0,0,0,0,0,0,0,0,0,0,0,0,0,0,0,0,0,0,0,0,0,0,0,0,0,0,0,0,0,0,0,0,0,0,0,0,0,0,0,0,0,0,0,0,0,0,0,0,0,0,0,0,0,0,1,1,1,1,1,1,0,1,3,5,4,2,0,1,1,4,5,6,14,12,16,10,13,17,20,26,31,23,26,21,34,32,41,49,51,44,41,48,53,59,43,44,41,67,62,61,60,83,86,96,83,117,121,139,156,169,173,178,186,252,229,223,185,214,280,303,311,275,217,478,392,354
"Albania",0,0,0,0,0,0,0,0,0,0,0,0,0,0,0,0,0,0,0,0,0,0,0,0,0,0,0,0,0,0,0,0,0,0,0,0,0,0,0,0,0,0,0,0,0,0,0,0,0,0,0,0,0,0,0,0,0,0,0,0,0,0,0,0,0,0,0,0,1,2,3,3,6,8,9,6,6,6,6,6,5,6,6,10,16,19,25,21,17,13,12,15,16,18,20,25,28,24,17,13,11,11,11,12,17,14,16,17,21,18,15,15,20,24,26,23,26,21,19,13,13,12,11,8,7,7,10,12,13,10,8,9,7,7,4,9,13,18,17
"Algeria",0,0,0,0,0,0,0,0,0,0,0,0,0,0,0,0,0,0,0,0,0,0,0,0,0,0,0,0,0,0,0,0,0,0,0,0,0,0,0,0,0,0,0,0,0,0,0,0,0,0,0,0,0,0,0,0,0,0,0,0,1,1,1,1,3,5,4,2,1,1,1,0,2,2,6,8,11,8,8,11,14,22,37,43,42,34,46,48,51,48,58,87,112,134,152,135,111,84,72,84,81,98,84,83,74,82,82,95,116,125,120,100,92,94,96,105,115,125,130,131,155,163,168,149,156,165,181,174,178,177,187,180,174,170,177,184,187,189,190
"Andorra",0,0,0,0,0,0,0,0,0,0,0,0,0,0,0,0,0,0,0,0,0,0,0,0,0,0,0,0,0,0,0,0,0,0,0,0,0,0,0,0,0,0,0,0,0,0,0,0,0,0,0,0,0,0,0,0,0,0,0,0,0,0,0,0,0,0,0,0,0,0,0,0,0,0,0,1,4,4,16,20,20,12,13,19,25,25,30,34,40,37,34,23,19,19,21,25,24,29,26,21,19,19,19,18,15,12,12,12,12,10,10,7,4,3,2,5,3,5,4,3,1,1,1,1,1,1,1,1,1,0,1,1,1,1,2,2,1,0,0
"Angola",0,0,0,0,0,0,0,0,0,0,0,0,0,0,0,0,0,0,0,0,0,0,0,0,0,0,0,0,0,0,0,0,0,0,0,0,0,0,0,0,0,0,0,0,0,0,0,0,0,0,0,0,0,0,0,0,0,0,0,0,0,0,0,0,0,0,0,0,0,0,0,0,0,0,0,0,0,0,0,0,0,1,1,1,0,0,0,1,1,1,1,1,0,0,0,1,2,3,2,2,1,1,0,0,0,0,0,0,0,2,2,2,0,0,0,0,0,0,1,1,0,0,1,3,3,2,0,0,0,2,2,3,1,1,0,1,1,1,0
"Anguilla",0,0,0,0,0,0,0,0,0,0,0,0,0,0,0,0,0,0,0,0,0,0,0,0,0,0,0,0,0,0,0,0,0,0,0,0,0,0,0,0,0,0,0,0,0,0,0,0,0,0,0,0,0,0,0,0,0,0,0,0,0,0,0,0,0,0,0,0,0,0,0,0,0,0,0,0,0,0,0,0,0,0,0,0,0,0,1,1,1,0,0,0,0,0,0,0,0,0,0,0,0,0,0,0,0,0,0,0,0,0,0,0,0,0,0,0,0,0,0,0,0,0,0,0,0,0,0,0,0,0,0,0,0,0,0,0,0,0,0
"Antigua_and_Barbuda",0,0,0,0,0,0,0,0,0,0,0,0,0,0,0,0,0,0,0,0,0,0,0,0,0,0,0,0,0,0,0,0,0,0,0,0,0,0,0,0,0,0,0,0,0,0,0,0,0,0,0,0,0,0,0,0,0,0,0,0,0,0,0,0,0,0,0,0,0,0,0,0,0,0,0,0,0,0,0,0,0,0,0,0,1,1,2,1,1,0,0,0,0,1,3,3,2,0,0,0,1,2,2,1,1,1,1,0,0,0,0,0,0,0,0,0,0,0,0,0,0,0,0,0,0,0,0,0,0,0,0,0,0,0,0,0,0,0,0
"Argentina",0,0,0,0,0,0,0,0,0,0,0,0,0,0,0,0,0,0,0,0,0,0,0,0,0,0,0,0,0,0,0,0,0,0,0,0,0,0,0,0,0,0,0,0,0,0,0,0,0,0,0,0,0,0,0,0,0,0,0,0,0,0,0,0,0,1,2,3,3,1,3,2,6,5,9,8,10,11,14,21,26,43,46,48,54,79,96,101,81,77,92,74,104,56,100,106,140,121,88,80,89,87,114,103,99,98,76,96,75,132,123,121,101,115,134,97,164,115,189,116,168,142,135,132,118,118,113,142,161,197,189,139,141,262,363,367,305,309,332
"Armenia",0,0,0,0,0,0,0,0,0,0,0,0,0,0,0,0,0,0,0,0,0,0,0,0,0,0,0,0,0,0,0,0,0,0,0,0,0,0,0,0,0,0,0,0,0,0,0,0,0,0,0,0,0,0,0,0,0,0,0,0,0,0,0,0,0,0,0,0,0,0,0,1,2,4,5,8,13,19,28,23,19,15,23,19,35,33,45,36,45,32,37,36,49,60,68,66,53,32,28,20,29,28,29,31,34,48,49,54,46,44,46,51,61,61,65,68,74,71,63,62,41,66,72,114,107,120,115,132,126,137,131,143,121,121,135,156,169,188,221
"Aruba",0,0,0,0,0,0,0,0,0,0,0,0,0,0,0,0,0,0,0,0,0,0,0,0,0,0,0,0,0,0,0,0,0,0,0,0,0,0,0,0,0,0,0,0,0,0,0,0,0,0,0,0,0,0,0,0,0,0,0,0,0,0,0,0,0,0,0,0,0,0,0,0,1,1,1,0,0,0,0,1,1,1,0,3,4,5,5,4,3,7,7,9,2,3,2,3,1,3,3,4,4,4,5,3,2,0,0,1,1,1,1,0,0,1,1,1,0,0,0,0,0,0,0,0,0,0,0,0,0,0,0,0,0,0,0,0,0,0,0
"Australia",0,0,0,0,0,0,0,0,0,0,0,0,0,0,0,0,0,0,0,0,0,0,0,0,0,1,1,1,0,1,1,2,2,1,1,0,1,1,1,0,0,0,0,0,0,0,0,0,0,0,0,1,2,2,2,0,0,0,0,1,1,2,3,5,8,9,7,7,7,12,13,15,19,28,41,47,59,68,89,111,140,178,333,316,442,363,448,318,337,309,393,299,294,222,280,237,173,99,90,103,103,94,79,57,43,42,45,44,39,43,38,31,20,14,14,13,16,15,13,12,11,12,10,12,13,19,22,25,24,22,18,15,11,12,11,14,18,20,21
"Austria",0,0,0,0,0,0,0,0,0,0,0,0,0,0,0,0,0,0,0,0,0,0,0,0,0,0,0,0,0,0,0,0,0,0,0,0,0,0,0,0,0,0,0,0,0,0,0,0,0,0,0,0,0,0,0,0,1,1,2,2,3,3,4,5,5,8,17,23,20,19,28,48,77,107,136,166,171,226,262,393,439,459,478,612,753,752,848,805,801,595,640,630,633,504,448,352,285,257,291,329,317,307,279,230,161,142,144,135,123,97,87,60,57,71,67,78,70,68,63,60,58,56,48,35,38,37,39,38,35,50,42,38,46,44,59,44,53,59,69
"Azerbaijan",0,0,0,0,0,0,0,0,0,0,0,0,0,0,0,0,0,0,0,0,0,0,0,0,0,0,0,0,0,0,0,0,0,0,0,0,0,0,0,0,0,0,0,0,0,0,0,0,0,0,0,0,0,0,0,0,0,0,0,0,0,1,1,1,0,1,2,2,1,0,1,1,1,1,2,2,2,3,5,8,5,6,7,9,11,9,17,26,30,29,36,39,50,42,48,54,61,66,65,79,95,91,79,57,52,46,52,45,48,40,38,32,36,40,37,37,33,32,29,33,40,42,46,43,43,43,55,65,73,73,98,105,103,90,80,97,96,127,139
"Bahamas",0,0,0,0,0,0,0,0,0,0,0,0,0,0,0,0,0,0,0,0,0,0,0,0,0,0,0,0,0,0,0,0,0,0,0,0,0,0,0,0,0,0,0,0,0,0,0,0,0,0,0,0,0,0,0,0,0,0,0,0,0,0,0,0,0,0,0,0,0,0,0,0,0,0,0,0,0,0,0,1,1,1,0,0,0,0,2,2,2,2,2,1,2,3,3,2,2,3,3,4,3,2,2,2,2,1,2,2,2,2,2,3,2,3,3,3,3,3,2,1,0,0,1,1,1,0,2,3,3,1,0,0,0,0,1,1,1,1,0
"Bahrain",0,0,0,0,0,0,0,0,0,0,0,0,0,0,0,0,0,0,0,0,0,0,0,0,0,0,0,0,0,0,0,0,0,0,0,0,0,0,0,0,0,0,0,0,0,0,0,0,0,0,0,0,0,0,0,1,8,11,10,5,3,5,3,3,2,2,2,4,9,18,16,28,18,33,16,17,4,9,14,16,16,17,22,18,28,28,40,25,18,14,16,31,23,43,25,40,19,38,41,41,44,62,72,83,121,163,179,113,72,33,58,54,67,45,103,182,194,143,68,74,91,106,120,121,114,121,145,184,222,241,280,247,264,252,292,321,351,310,238
"Bangladesh",0,0,0,0,0,0,0,0,0,0,0,0,0,0,0,0,0,0,0,0,0,0,0,0,0,0,0,0,0,0,0,0,0,0,0,0,0,0,0,0,0,0,0,0,0,0,0,0,0,0,0,0,0,0,0,0,0,0,0,0,0,0,0,0,0,0,0,0,1,1,1,0,0,0,0,0,1,2,2,2,3,5,6,5,5,4,5,3,3,0,0,1,2,2,3,5,11,21,31,43,69,87,88,97,126,177,203,256,275,304,295,370,413,439,413,436,409,410,408,488,562,585,592,562,596,635,713,755,761,735,684,744,852,963,1055,1057,1135,1058,1021
"Barbados",0,0,0,0,0,0,0,0,0,0,0,0,0,0,0,0,0,0,0,0,0,0,0,0,0,0,0,0,0,0,0,0,0,0,0,0,0,0,0,0,0,0,0,0,0,0,0,0,0,0,0,0,0,0,0,0,0,0,0,0,0,0,0,0,0,0,0,0,0,0,0,0,0,0,0,0,0,0,0,1,2,4,5,4,1,0,2,2,3,3,3,3,4,4,4,2,4,5,4,2,2,1,2,2,2,2,1,1,1,0,0,0,0,0,0,0,1,1,1,0,0,0,0,0,0,0,0,0,0,0,1,1,0,0,0,0,0,0,1
"Belarus",0,0,0,0,0,0,0,0,0,0,0,0,0,0,0,0,0,0,0,0,0,0,0,0,0,0,0,0,0,0,0,0,0,0,0,0,0,0,0,0,0,0,0,0,0,0,0,0,0,0,0,0,0,0,0,0,0,0,0,0,0,0,0,1,2,2,1,0,0,0,1,2,5,4,3,2,5,5,6,7,7,10,6,8,2,3,2,4,3,3,4,19,19,50,66,81,103,116,156,167,262,373,387,364,313,352,383,428,499,350,192,495,648,834,586,683,770,814,839,873,906,913,903,882,893,857,841,850,893,917,932,935,935,940,951,955,952,952,953
"Belgium",0,0,0,0,0,0,0,0,0,0,0,0,0,0,0,0,0,0,0,0,0,0,0,0,0,0,0,0,0,0,0,0,0,0,0,0,0,0,0,0,0,0,0,0,0,0,0,0,0,0,0,0,0,0,0,0,0,0,0,0,0,0,2,4,7,14,32,49,50,43,33,38,53,97,125,162,175,185,200,237,338,443,535,495,485,512,831,1005,1399,1534,1538,1214,1043,1150,1332,1489,1448,1348,1254,1237,1390,1491,1538,1555,1307,1034,1309,1407,1673,1203,1229,1282,1258,1131,938,1112,1145,1112,798,670,575,611,566,553,462,412,331,292,384,501,605,554,479,394,300,280,288,336,349
"Belize",0,0,0,0,0,0,0,0,0,0,0,0,0,0,0,0,0,0,0,0,0,0,0,0,0,0,0,0,0,0,0,0,0,0,0,0,0,0,0,0,0,0,0,0,0,0,0,0,0,0,0,0,0,0,0,0,0,0,0,0,0,0,0,0,0,0,0,0,0,0,0,0,0,0,0,0,0,0,0,0,0,0,0,0,0,1,0,0,0,0,0,0,0,0,0,0,1,1,1,1,1,1,2,2,3,2,1,0,0,0,0,0,0,0,0,0,0,0,0,0,0,0,0,0,0,0,0,0,0,0,0,0,0,0,0,0,0,0,0
"Benin",0,0,0,0,0,0,0,0,0,0,0,0,0,0,0,0,0,0,0,0,0,0,0,0,0,0,0,0,0,0,0,0,0,0,0,0,0,0,0,0,0,0,0,0,0,0,0,0,0,0,0,0,0,0,0,0,0,0,0,0,0,0,0,0,0,0,0,0,0,0,0,0,0,0,0,0,0,0,0,0,0,0,0,1,1,1,0,0,0,0,0,1,2,2,3,1,3,3,3,1,1,3,3,2,0,0,0,1,1,1,0,6,6,6,1,1,1,2,2,2,2,7,9,7,2,2,2,4,15,49,61,60,26,14,3,7,4,4,0
"Bermuda",0,0,0,0,0,0,0,0,0,0,0,0,0,0,0,0,0,0,0,0,0,0,0,0,0,0,0,0,0,0,0,0,0,0,0,0,0,0,0,0,0,0,0,0,0,0,0,0,0,0,0,0,0,0,0,0,0,0,0,0,0,0,0,0,0,0,0,0,0,0,0,0,0,0,0,0,0,0,0,1,1,1,1,1,1,0,3,4,5,2,3,3,3,3,1,2,1,1,1,1,3,3,4,3,3,2,8,9,9,2,1,1,4,4,4,0,0,3,4,4,1,1,1,1,0,0,0,1,1,1,0,0,0,1,1,1,1,1,0
"Bhutan",0,0,0,0,0,0,0,0,0,0,0,0,0,0,0,0,0,0,0,0,0,0,0,0,0,0,0,0,0,0,0,0,0,0,0,0,0,0,0,0,0,0,0,0,0,0,0,0,0,0,0,0,0,0,0,0,0,0,0,0,0,0,0,0,0,0,0,0,0,0,0,0,0,0,0,0,0,0,0,0,0,0,0,0,0,0,0,0,0,0,0,0,0,0,0,0,0,0,0,0,0,0,0,0,0,0,0,0,0,0,0,0,0,1,0,0,0,0,0,0,0,0,0,0,0,0,0,0,0,0,0,1,1,1,2,3,3,2,0
"Bolivia",0,0,0,0,0,0,0,0,0,0,0,0,0,0,0,0,0,0,0,0,0,0,0,0,0,0,0,0,0,0,0,0,0,0,0,0,0,0,0,0,0,0,0,0,0,0,0,0,0,0,0,0,0,0,0,0,0,0,0,0,0,0,0,0,0,0,0,0,0,0,0,1,1,3,3,2,0,1,1,1,2,3,4,3,4,4,11,14,14,12,11,11,9,8,8,11,17,18,18,27,25,22,12,21,26,32,37,37,32,26,33,35,30,36,35,66,65,82,69,62,53,51,59,120,142,151,111,97,133,155,184,158,188,176,197,180,204,226,234
"Bosnia_and_Herzegovina",0,0,0,0,0,0,0,0,0,0,0,0,0,0,0,0,0,0,0,0,0,0,0,0,0,0,0,0,0,0,0,0,0,0,0,0,0,0,0,0,0,0,0,0,0,0,0,0,0,0,0,0,0,0,0,0,0,0,0,0,0,0,0,0,0,1,1,1,0,0,0,0,0,0,0,5,6,6,6,8,8,19,27,28,23,19,17,22,25,47,41,52,47,60,58,56,44,36,50,51,60,40,44,44,42,42,31,41,46,51,39,30,29,33,38,27,39,34,48,34,24,42,64,84,56,48,36,43,34,41,28,21,24,29,30,25,26,29,27
"Botswana",0,0,0,0,0,0,0,0,0,0,0,0,0,0,0,0,0,0,0,0,0,0,0,0,0,0,0,0,0,0,0,0,0,0,0,0,0,0,0,0,0,0,0,0,0,0,0,0,0,0,0,0,0,0,0,0,0,0,0,0,0,0,0,0,0,0,0,0,0,0,0,0,0,0,0,0,0,0,0,0,0,0,0,0,0,0,0,0,0,0,0,1,1,1,0,0,1,1,1,0,2,2,2,0,0,0,0,1,1,1,2,2,2,1,1,1,0,0,0,0,0,0,0,0,0,0,0,0,0,0,0,0,0,0,0,0,0,0,0
"Brazil",0,0,0,0,0,0,0,0,0,0,0,0,0,0,0,0,0,0,0,0,0,0,0,0,0,0,0,0,0,0,0,0,0,0,0,0,0,0,0,0,0,0,0,0,0,0,0,0,0,0,0,0,0,0,0,0,0,0,0,0,0,0,0,0,0,2,4,3,6,4,7,9,17,21,23,41,45,57,76,129,204,233,308,329,358,296,341,405,490,447,387,604,860,1110,1113,1147,1073,1000,1146,1599,1934,1974,1600,1437,1264,1512,2050,2332,2807,2760,2743,2300,2160,2368,2970,3305,4251,4132,4502,4459,5425,6293,6568,6132,5256,5397,6052,8024,9109,10204,10240,9198,7668,7217,8758,11529,13545,14723,15048
"British_Virgin_Islands",0,0,0,0,0,0,0,0,0,0,0,0,0,0,0,0,0,0,0,0,0,0,0,0,0,0,0,0,0,0,0,0,0,0,0,0,0,0,0,0,0,0,0,0,0,0,0,0,0,0,0,0,0,0,0,0,0,0,0,0,0,0,0,0,0,0,0,0,0,0,0,0,0,0,0,0,0,0,0,0,0,0,0,0,0,0,1,1,1,0,0,0,0,0,0,0,0,0,0,0,0,0,0,0,0,0,0,0,0,0,0,1,1,0,0,0,0,0,0,0,0,0,0,0,0,0,0,0,0,0,0,0,0,0,0,0,0,0,0
"Brunei_Darussalam",0,0,0,0,0,0,0,0,0,0,0,0,0,0,0,0,0,0,0,0,0,0,0,0,0,0,0,0,0,0,0,0,0,0,0,0,0,0,0,0,0,0,0,0,0,0,0,0,0,0,0,0,0,0,0,0,0,0,0,0,0,0,0,0,0,0,0,0,0,0,0,4,8,12,10,8,6,5,6,6,7,5,5,4,7,6,8,4,4,4,4,3,2,2,1,1,1,1,0,0,0,0,0,0,0,0,0,0,0,0,1,1,0,0,0,0,0,0,0,0,0,0,0,0,0,0,0,0,1,1,1,0,0,0,0,0,0,0,0
"Bulgaria",0,0,0,0,0,0,0,0,0,0,0,0,0,0,0,0,0,0,0,0,0,0,0,0,0,0,0,0,0,0,0,0,0,0,0,0,0,0,0,0,0,0,0,0,0,0,0,0,0,0,0,0,0,0,0,0,0,0,0,0,0,0,0,0,0,0,0,1,1,1,1,1,6,9,11,9,10,13,14,14,15,24,27,25,19,19,21,24,30,27,22,23,25,33,29,27,25,21,25,21,25,19,23,17,17,17,24,38,44,44,38,28,32,36,56,71,74,68,58,51,49,48,63,49,37,21,32,53,59,74,59,45,26,23,35,37,38,47,61
"Burkina_Faso",0,0,0,0,0,0,0,0,0,0,0,0,0,0,0,0,0,0,0,0,0,0,0,0,0,0,0,0,0,0,0,0,0,0,0,0,0,0,0,0,0,0,0,0,0,0,0,0,0,0,0,0,0,0,0,0,0,0,0,0,0,0,0,0,0,0,0,0,0,0,1,1,1,0,0,0,6,6,8,4,7,13,10,12,12,17,24,16,22,11,25,22,27,22,14,14,19,25,27,23,26,21,23,18,22,15,15,9,10,8,11,8,12,11,12,9,7,5,3,3,3,3,4,4,6,8,12,22,21,19,6,5,5,6,7,4,5,3,3
"Burundi",0,0,0,0,0,0,0,0,0,0,0,0,0,0,0,0,0,0,0,0,0,0,0,0,0,0,0,0,0,0,0,0,0,0,0,0,0,0,0,0,0,0,0,0,0,0,0,0,0,0,0,0,0,0,0,0,0,0,0,0,0,0,0,0,0,0,0,0,0,0,0,0,0,0,0,0,0,0,0,0,0,0,0,0,0,0,0,0,0,0,0,1,1,1,0,0,0,0,0,0,0,0,1,1,1,0,0,0,0,0,0,0,0,2,2,2,1,1,1,0,0,0,0,1,1,1,0,0,0,0,0,0,0,3,3,3,0,0,0
"Cambodia",0,0,0,0,0,0,0,0,0,0,0,0,0,0,0,0,0,0,0,0,0,0,0,0,0,0,0,0,0,0,0,0,0,0,0,0,0,0,0,0,0,0,0,0,0,0,0,0,0,0,0,0,0,0,0,0,0,0,0,0,0,0,0,0,0,0,0,0,0,0,0,0,1,1,1,2,6,6,4,0,8,9,21,13,13,3,4,4,2,3,2,2,1,2,2,1,0,0,1,1,1,1,1,1,1,0,0,0,0,0,0,0,0,0,0,0,0,0,0,0,0,0,0,0,0,0,0,0,0,0,0,0,0,0,0,0,0,0,0
"Cameroon",0,0,0,0,0,0,0,0,0,0,0,0,0,0,0,0,0,0,0,0,0,0,0,0,0,0,0,0,0,0,0,0,0,0,0,0,0,0,0,0,0,0,0,0,0,0,0,0,0,0,0,0,0,0,0,0,0,0,0,0,0,0,0,0,0,0,0,0,1,0,0,0,0,0,0,1,1,2,2,3,6,6,4,10,15,15,11,5,9,4,18,31,45,43,105,107,126,50,43,27,24,39,30,30,6,12,12,12,54,54,54,0,49,49,128,80,118,73,73,96,70,70,88,82,82,12,9,63,54,54,3,105,141,138,74,88,139,164,175
"Canada",0,0,0,0,0,0,0,0,0,0,0,0,0,0,0,0,0,0,0,0,0,0,0,0,0,0,0,1,1,1,0,0,0,0,0,0,0,1,1,1,0,0,0,0,0,0,0,0,0,0,0,0,0,0,0,1,1,1,1,2,3,3,4,3,3,6,7,8,6,9,12,14,20,28,47,55,83,108,129,141,134,204,195,225,219,652,791,905,667,746,916,1050,1113,1281,1328,1429,1409,1378,1334,1259,1365,1417,1342,1206,1177,1248,1333,1473,1609,1659,1565,1650,1691,1801,1759,1821,1721,1595,1537,1558,1568,1582,1682,1709,2079,1904,1777,1341,1383,1463,1402,1309,1182,1152,1143,1140,1148,1192,1234
"Cape_Verde",0,0,0,0,0,0,0,0,0,0,0,0,0,0,0,0,0,0,0,0,0,0,0,0,0,0,0,0,0,0,0,0,0,0,0,0,0,0,0,0,0,0,0,0,0,0,0,0,0,0,0,0,0,0,0,0,0,0,0,0,0,0,0,0,0,0,0,0,0,0,0,0,0,0,0,0,0,0,0,0,1,1,1,0,0,0,1,1,0,0,0,0,0,0,0,0,0,0,0,0,0,0,0,1,1,1,15,15,15,1,2,4,3,4,5,7,6,8,7,8,2,4,3,13,15,17,11,9,14,15,15,9,10,11,14,18,19,13,5
"Cayman_Islands",0,0,0,0,0,0,0,0,0,0,0,0,0,0,0,0,0,0,0,0,0,0,0,0,0,0,0,0,0,0,0,0,0,0,0,0,0,0,0,0,0,0,0,0,0,0,0,0,0,0,0,0,0,0,0,0,0,0,0,0,0,0,0,0,0,0,0,0,0,0,0,0,0,0,0,0,0,0,0,0,1,1,1,0,0,0,1,2,2,1,1,2,5,5,5,4,4,3,3,2,2,0,3,3,3,0,2,3,2,0,0,2,2,2,0,0,1,1,1,0,1,1,1,0,0,0,0,1,1,2,1,1,1,1,1,3,3,3,1
"Central_African_Republic",0,0,0,0,0,0,0,0,0,0,0,0,0,0,0,0,0,0,0,0,0,0,0,0,0,0,0,0,0,0,0,0,0,0,0,0,0,0,0,0,0,0,0,0,0,0,0,0,0,0,0,0,0,0,0,0,0,0,0,0,0,0,0,0,0,0,0,0,0,0,0,0,0,0,0,0,0,0,0,0,0,1,1,1,0,0,0,0,1,0,0,0,1,1,1,0,0,0,0,0,1,1,0,0,0,0,0,0,0,0,0,0,1,1,2,2,1,1,10,10,10,0,7,7,7,7,7,7,0,16,16,28,12,12,6,14,41,43,44
"Chad",0,0,0,0,0,0,0,0,0,0,0,0,0,0,0,0,0,0,0,0,0,0,0,0,0,0,0,0,0,0,0,0,0,0,0,0,0,0,0,0,0,0,0,0,0,0,0,0,0,0,0,0,0,0,0,0,0,0,0,0,0,0,0,0,0,0,0,0,0,0,0,0,0,0,0,0,0,0,0,0,0,1,0,0,0,0,1,1,1,0,1,1,1,0,0,0,1,1,0,0,1,1,0,1,4,4,4,1,3,2,2,0,0,0,2,2,2,2,2,4,2,9,7,22,15,15,18,18,45,30,51,23,21,12,17,26,24,34,40
"Chile",0,0,0,0,0,0,0,0,0,0,0,0,0,0,0,0,0,0,0,0,0,0,0,0,0,0,0,0,0,0,0,0,0,0,0,0,0,0,0,0,0,0,0,0,0,0,0,0,0,0,0,0,0,0,0,0,0,0,0,0,0,0,0,0,1,1,1,1,2,3,4,4,7,9,13,14,38,47,54,62,78,100,97,104,128,170,187,229,256,278,280,276,297,318,333,377,356,359,318,358,386,462,460,414,341,330,353,427,445,486,427,418,367,403,435,491,521,506,502,502,518,737,881,1183,1213,1212,1194,1128,1313,1319,1390,1428,1364,1501,1838,2326,2607,2349,2091
"China",18,9,6,6,11,5,5,0,0,0,0,0,0,0,0,0,1,7,52,57,102,103,129,165,266,455,631,1068,1335,1653,1729,1938,2222,2499,2880,3307,3612,3586,3435,3062,3000,2690,2497,6553,7108,7278,2900,2199,1983,1897,1345,1012,704,788,564,460,381,455,393,399,444,402,302,150,121,135,129,106,64,37,31,24,25,22,21,22,30,30,37,55,65,72,85,91,95,83,91,105,109,110,98,79,79,75,77,60,59,57,70,76,76,73,76,95,100,85,64,150,144,134,21,21,20,20,12,12,11,9,13,10,11,6,6,6,3,2,2,2,3,3,7,11,12,9,5,6,7,7,7
"Colombia",0,0,0,0,0,0,0,0,0,0,0,0,0,0,0,0,0,0,0,0,0,0,0,0,0,0,0,0,0,0,0,0,0,0,0,0,0,0,0,0,0,0,0,0,0,0,0,0,0,0,0,0,0,0,0,0,0,0,0,0,0,0,0,0,0,0,0,0,0,1,1,3,2,4,8,12,14,10,19,24,31,36,36,49,56,78,62,54,46,70,86,99,121,121,120,114,108,104,125,190,215,231,218,184,126,90,110,127,153,172,186,179,176,188,195,244,262,273,239,269,277,303,352,358,387,322,443,430,494,479,512,536,521,592,622,666,648,670,684
"Comoros",0,0,0,0,0,0,0,0,0,0,0,0,0,0,0,0,0,0,0,0,0,0,0,0,0,0,0,0,0,0,0,0,0,0,0,0,0,0,0,0,0,0,0,0,0,0,0,0,0,0,0,0,0,0,0,0,0,0,0,0,0,0,0,0,0,0,0,0,0,0,0,0,0,0,0,0,0,0,0,0,0,0,0,0,0,0,0,0,0,0,0,0,0,0,0,0,0,0,0,0,0,0,0,0,0,0,0,0,0,0,0,0,0,0,0,0,0,0,0,0,0,0,0,0,1,1,1,2,1,1,1,1,1,0,0,0,0,0,0
"Congo",0,0,0,0,0,0,0,0,0,0,0,0,0,0,0,0,0,0,0,0,0,0,0,0,0,0,0,0,0,0,0,0,0,0,0,0,0,0,0,0,0,0,0,0,0,0,0,0,0,0,0,0,0,0,0,0,0,0,0,0,0,0,0,0,0,0,0,0,0,0,0,0,0,0,0,0,0,0,1,1,1,0,0,0,0,0,0,0,5,5,5,1,1,7,6,8,1,1,0,5,5,5,0,3,3,5,16,16,23,9,14,6,7,9,9,12,5,5,2,2,7,4,7,3,3,2,2,12,13,17,8,4,15,15,18,19,19,24,14
"Costa_Rica",0,0,0,0,0,0,0,0,0,0,0,0,0,0,0,0,0,0,0,0,0,0,0,0,0,0,0,0,0,0,0,0,0,0,0,0,0,0,0,0,0,0,0,0,0,0,0,0,0,0,0,0,0,0,0,0,0,0,0,0,0,0,0,0,0,0,0,0,2,3,4,6,5,4,2,4,5,8,11,15,21,16,16,15,20,22,24,29,31,28,22,17,20,22,23,20,19,17,16,16,24,25,25,19,18,14,10,10,10,10,6,4,5,7,8,6,4,3,3,4,6,7,7,7,7,6,7,7,8,6,6,9,9,8,8,10,13,13,11
"Cote_dIvoire",0,0,0,0,0,0,0,0,0,0,0,0,0,0,0,0,0,0,0,0,0,0,0,0,0,0,0,0,0,0,0,0,0,0,0,0,0,0,0,0,0,0,0,0,0,0,0,0,0,0,0,0,0,0,0,0,0,0,0,0,0,0,0,0,0,0,0,0,0,0,0,0,0,0,1,1,1,0,1,1,3,4,5,4,19,18,24,9,20,23,22,9,8,9,17,18,22,35,35,41,40,44,50,43,49,31,27,21,39,49,53,46,38,35,42,54,53,49,29,24,29,37,50,41,41,33,34,39,46,46,50,43,43,63,71,80,53,50,45
"Croatia",0,0,0,0,0,0,0,0,0,0,0,0,0,0,0,0,0,0,0,0,0,0,0,0,0,0,0,0,0,0,0,0,0,0,0,0,0,0,0,0,0,0,0,0,0,0,0,0,0,0,0,0,0,0,0,0,0,1,1,1,1,1,1,1,1,1,1,1,1,0,0,1,4,6,7,8,8,11,11,16,19,42,44,60,59,61,63,68,80,73,68,70,83,74,71,54,57,48,52,54,62,71,64,64,52,57,47,47,37,30,27,22,25,26,33,34,22,16,10,10,11,12,13,9,7,5,8,8,8,16,19,21,12,10,9,8,5,4,2
"Cuba",0,0,0,0,0,0,0,0,0,0,0,0,0,0,0,0,0,0,0,0,0,0,0,0,0,0,0,0,0,0,0,0,0,0,0,0,0,0,0,0,0,0,0,0,0,0,0,0,0,0,0,0,0,0,0,0,0,0,0,0,0,0,0,0,0,0,0,0,0,0,0,1,1,1,0,0,0,1,2,4,5,5,6,6,8,7,9,11,21,24,30,22,24,21,28,25,29,27,36,46,55,56,54,51,54,49,48,45,52,57,58,55,50,51,49,49,49,45,35,33,33,37,33,48,49,44,25,18,20,19,17,12,14,17,15,16,12,17,18
"Cura√ßao",0,0,0,0,0,0,0,0,0,0,0,0,0,0,0,0,0,0,0,0,0,0,0,0,0,0,0,0,0,0,0,0,0,0,0,0,0,0,0,0,0,0,0,0,0,0,0,0,0,0,0,0,0,0,0,0,0,0,0,0,0,0,0,0,0,0,0,0,0,0,0,0,0,0,0,0,0,0,0,1,1,1,0,1,1,1,0,1,1,1,0,1,1,1,0,0,0,1,1,1,0,0,0,0,0,0,0,0,0,0,0,0,0,0,0,1,1,1,0,0,0,0,0,0,0,0,0,0,0,0,0,0,0,0,0,0,0,0,0
"Cyprus",0,0,0,0,0,0,0,0,0,0,0,0,0,0,0,0,0,0,0,0,0,0,0,0,0,0,0,0,0,0,0,0,0,0,0,0,0,0,0,0,0,0,0,0,0,0,0,0,0,0,0,0,0,0,0,0,0,0,0,0,0,0,0,0,0,0,0,0,0,1,1,2,1,4,5,8,9,6,9,6,9,9,12,16,13,12,10,13,16,23,23,28,35,42,45,35,30,23,23,27,33,34,30,23,22,26,27,24,13,15,11,12,8,8,8,7,7,7,6,9,9,9,7,7,7,6,5,4,5,4,3,3,3,4,2,2,2,3,4
"Czechia",0,0,0,0,0,0,0,0,0,0,0,0,0,0,0,0,0,0,0,0,0,0,0,0,0,0,0,0,0,0,0,0,0,0,0,0,0,0,0,0,0,0,0,0,0,0,0,0,0,0,0,0,0,0,0,0,0,0,0,0,0,1,2,2,2,2,5,6,7,7,12,21,25,29,40,61,65,73,75,117,157,158,157,111,133,163,275,295,336,256,241,215,253,285,294,294,243,211,182,242,249,238,197,141,109,80,104,125,136,117,118,122,129,116,91,77,72,72,59,51,58,78,78,59,33,27,47,64,71,60,40,31,33,42,49,58,62,62,51
"Democratic_Republic_of_the_Congo",0,0,0,0,0,0,0,0,0,0,0,0,0,0,0,0,0,0,0,0,0,0,0,0,0,0,0,0,0,0,0,0,0,0,0,0,0,0,0,0,0,0,0,0,0,0,0,0,0,0,0,0,0,0,0,0,0,0,0,0,0,0,0,0,0,0,0,0,0,0,0,0,0,0,0,0,0,0,4,4,4,3,4,4,7,6,9,4,4,9,13,13,14,8,12,10,10,9,9,10,18,14,17,6,4,7,11,17,18,20,15,14,11,15,15,19,22,22,18,16,14,34,38,58,37,27,10,60,71,77,43,42,55,59,73,65,67,71,80
"Denmark",0,0,0,0,0,0,0,0,0,0,0,0,0,0,0,0,0,0,0,0,0,0,0,0,0,0,0,0,0,0,0,0,0,0,0,0,0,0,0,0,0,0,0,0,0,0,0,0,0,0,0,0,0,0,0,0,0,0,0,1,1,1,1,2,2,5,5,7,6,30,78,159,188,180,104,66,43,66,80,73,77,70,81,68,88,110,139,152,159,173,177,220,237,270,299,323,328,308,331,344,318,249,198,180,166,172,169,187,187,187,168,147,151,176,186,172,178,167,163,135,144,153,153,133,122,120,138,153,138,132,112,115,98,91,79,67,67,64,71
"Djibouti",0,0,0,0,0,0,0,0,0,0,0,0,0,0,0,0,0,0,0,0,0,0,0,0,0,0,0,0,0,0,0,0,0,0,0,0,0,0,0,0,0,0,0,0,0,0,0,0,0,0,0,0,0,0,0,0,0,0,0,0,0,0,0,0,0,0,0,0,0,0,0,0,0,0,0,0,0,0,0,0,0,0,0,1,1,4,3,3,1,2,4,5,5,5,3,6,6,16,23,25,17,10,17,25,49,59,74,98,123,99,85,38,71,43,47,18,11,12,12,21,18,18,8,12,8,6,3,3,6,5,23,26,31,22,19,19,18,21,23
"Dominica",0,0,0,0,0,0,0,0,0,0,0,0,0,0,0,0,0,0,0,0,0,0,0,0,0,0,0,0,0,0,0,0,0,0,0,0,0,0,0,0,0,0,0,0,0,0,0,0,0,0,0,0,0,0,0,0,0,0,0,0,0,0,0,0,0,0,0,0,0,0,0,0,0,0,0,0,0,0,0,0,0,0,0,0,1,2,3,3,1,0,0,0,0,0,1,1,1,0,0,0,0,0,0,0,0,0,0,0,0,0,0,0,0,0,0,0,0,0,0,0,0,0,0,0,0,0,0,0,0,0,0,0,0,0,0,0,0,0,0
"Dominican_Republic",0,0,0,0,0,0,0,0,0,0,0,0,0,0,0,0,0,0,0,0,0,0,0,0,0,0,0,0,0,0,0,0,0,0,0,0,0,0,0,0,0,0,0,0,0,0,0,0,0,0,0,0,0,0,0,0,0,0,0,0,0,0,0,0,0,0,0,0,0,1,1,1,0,2,2,2,0,0,3,3,8,30,60,70,67,63,81,90,109,124,107,130,142,160,126,98,122,113,126,122,174,221,216,206,182,176,216,196,280,240,308,279,236,207,193,235,209,197,129,163,172,279,291,309,327,316,301,284,287,299,358,417,419,339,283,229,280,232,242
"Ecuador",0,0,0,0,0,0,0,0,0,0,0,0,0,0,0,0,0,0,0,0,0,0,0,0,0,0,0,0,0,0,0,0,0,0,0,0,0,0,0,0,0,0,0,0,0,0,0,0,0,0,0,0,0,0,0,0,0,0,0,0,0,2,2,2,1,2,2,1,0,1,1,1,1,2,4,7,12,28,44,47,105,121,197,185,183,141,141,182,208,162,113,156,289,399,355,236,161,126,177,268,406,1055,936,834,123,115,131,232,282,388,414,559,459,461,352,262,111,3845,4019,4358,652,565,693,930,1535,1848,1472,-39,-528,-1021,-116,-246,230,449,309,331,349,759,1186
"Egypt",0,0,0,0,0,0,0,0,0,0,0,0,0,0,0,0,0,0,0,0,0,0,0,0,0,0,0,0,0,0,0,0,0,0,0,0,0,0,0,0,0,0,0,0,0,0,0,0,0,0,0,0,0,0,0,0,0,0,0,0,0,0,0,0,0,0,4,4,15,13,15,4,8,11,11,10,11,24,29,28,30,30,28,24,27,49,43,43,31,40,38,40,45,57,41,92,97,98,112,163,209,157,126,122,132,137,147,161,165,176,157,163,153,115,109,201,276,220,230,241,316,252,284,308,309,306,336,374,389,425,459,473,423,376,344,361,378,429,460
"El_Salvador",0,0,0,0,0,0,0,0,0,0,0,0,0,0,0,0,0,0,0,0,0,0,0,0,0,0,0,0,0,0,0,0,0,0,0,0,0,0,0,0,0,0,0,0,0,0,0,0,0,0,0,0,0,0,0,0,0,0,0,0,0,0,0,0,0,0,0,0,0,0,0,0,0,0,0,0,0,0,0,0,1,1,1,1,2,3,3,1,2,6,6,4,4,5,8,7,8,7,5,11,13,13,5,3,10,14,11,5,6,10,12,14,12,12,11,12,20,16,21,16,26,34,34,23,44,47,47,47,36,66,65,88,71,49,51,71,76,51,18
"Equatorial_Guinea",0,0,0,0,0,0,0,0,0,0,0,0,0,0,0,0,0,0,0,0,0,0,0,0,0,0,0,0,0,0,0,0,0,0,0,0,0,0,0,0,0,0,0,0,0,0,0,0,0,0,0,0,0,0,0,0,0,0,0,0,0,0,0,0,0,0,0,0,0,0,0,0,0,0,0,0,0,0,1,1,1,1,1,2,1,2,1,1,1,1,0,1,0,0,0,0,0,0,0,1,1,1,0,1,1,8,10,10,13,9,9,0,0,1,2,44,44,58,15,34,19,19,0,0,0,0,41,41,41,0,0,0,0,0,28,52,52,24,0
"Eritrea",0,0,0,0,0,0,0,0,0,0,0,0,0,0,0,0,0,0,0,0,0,0,0,0,0,0,0,0,0,0,0,0,0,0,0,0,0,0,0,0,0,0,0,0,0,0,0,0,0,0,0,0,0,0,0,0,0,0,0,0,0,0,0,0,0,0,0,0,0,0,0,0,0,0,0,0,0,0,0,0,0,0,0,0,0,1,2,2,1,2,2,3,2,3,2,4,2,3,1,1,1,1,0,0,0,0,0,0,0,0,1,1,1,0,0,0,0,0,0,0,0,0,0,0,0,0,0,0,0,0,0,0,0,0,0,0,0,0,0
"Estonia",0,0,0,0,0,0,0,0,0,0,0,0,0,0,0,0,0,0,0,0,0,0,0,0,0,0,0,0,0,0,0,0,0,0,0,0,0,0,0,0,0,0,0,0,0,0,0,0,0,0,0,0,0,0,0,0,0,0,0,0,0,0,0,0,0,1,3,3,2,0,1,2,6,22,33,48,42,37,29,21,19,16,20,23,21,26,62,69,79,47,47,35,33,48,72,80,80,49,44,29,33,36,40,34,25,23,31,34,29,37,31,25,13,10,19,18,25,17,14,8,8,14,11,11,4,3,4,4,6,5,7,6,5,4,4,6,7,6,5
"Eswatini",0,0,0,0,0,0,0,0,0,0,0,0,0,0,0,0,0,0,0,0,0,0,0,0,0,0,0,0,0,0,0,0,0,0,0,0,0,0,0,0,0,0,0,0,0,0,0,0,0,0,0,0,0,0,0,0,0,0,0,0,0,0,0,0,0,0,0,0,0,0,0,0,0,0,0,0,0,0,0,0,0,0,1,1,1,0,1,2,2,1,0,0,0,0,0,0,0,0,0,1,1,1,1,1,1,0,1,0,1,1,2,2,2,3,3,5,3,9,8,10,11,12,12,6,4,3,3,4,12,14,13,6,5,7,5,4,2,5,9
"Ethiopia",0,0,0,0,0,0,0,0,0,0,0,0,0,0,0,0,0,0,0,0,0,0,0,0,0,0,0,0,0,0,0,0,0,0,0,0,0,0,0,0,0,0,0,0,0,0,0,0,0,0,0,0,0,0,0,0,0,0,0,0,0,0,0,0,0,0,0,0,0,0,0,0,0,0,0,1,1,1,1,1,1,1,1,1,1,0,0,2,1,1,2,3,4,2,3,3,5,3,5,4,4,4,5,5,3,4,5,6,5,7,5,5,3,3,2,1,2,2,2,1,2,2,2,1,1,2,4,9,17,16,16,16,19,17,8,7,9,14,18
"Falkland_Islands_(Malvinas)",0,0,0,0,0,0,0,0,0,0,0,0,0,0,0,0,0,0,0,0,0,0,0,0,0,0,0,0,0,0,0,0,0,0,0,0,0,0,0,0,0,0,0,0,0,0,0,0,0,0,0,0,0,0,0,0,0,0,0,0,0,0,0,0,0,0,0,0,0,0,0,0,0,0,0,0,0,0,0,0,0,0,0,0,0,0,0,0,0,0,0,0,0,0,0,0,1,0,1,1,1,0,0,0,0,2,2,2,0,0,0,0,0,0,0,0,0,0,0,0,0,0,0,0,0,0,0,0,0,0,0,0,0,0,0,0,0,0,0
"Faroe_Islands",0,0,0,0,0,0,0,0,0,0,0,0,0,0,0,0,0,0,0,0,0,0,0,0,0,0,0,0,0,0,0,0,0,0,0,0,0,0,0,0,0,0,0,0,0,0,0,0,0,0,0,0,0,0,0,0,0,0,0,0,0,0,0,0,0,0,0,0,0,0,0,0,0,0,0,0,0,0,0,24,27,31,14,13,10,6,7,7,8,6,8,5,5,3,3,3,1,1,1,1,0,0,0,0,0,0,0,0,0,0,0,0,0,0,1,1,1,0,0,0,0,0,0,0,0,0,0,0,0,0,0,0,0,0,0,0,0,0,0
"Fiji",0,0,0,0,0,0,0,0,0,0,0,0,0,0,0,0,0,0,0,0,0,0,0,0,0,0,0,0,0,0,0,0,0,0,0,0,0,0,0,0,0,0,0,0,0,0,0,0,0,0,0,0,0,0,0,0,0,0,0,0,0,0,0,0,0,0,0,0,0,0,0,0,0,0,0,0,0,0,0,0,0,1,1,1,1,1,0,0,0,0,0,0,1,1,2,2,2,1,1,0,0,0,0,0,0,0,0,0,0,0,0,0,0,0,0,0,0,0,0,0,0,0,0,0,0,0,0,0,0,0,0,0,0,0,0,0,0,0,0
"Finland",0,0,0,0,0,0,0,0,0,0,0,0,0,0,0,0,0,0,0,0,0,0,0,0,0,0,0,0,0,0,0,0,0,0,0,0,0,0,0,0,0,0,0,0,0,0,0,0,0,0,0,0,0,0,0,0,0,0,0,1,0,1,1,1,0,2,4,4,6,7,7,10,38,48,50,37,30,36,34,43,44,51,75,83,90,85,86,78,113,87,96,55,76,68,77,145,136,187,142,187,143,154,139,123,98,85,88,102,109,148,138,126,111,115,139,127,115,97,100,88,110,100,104,91,86,92,78,106,115,109,102,96,82,41,31,54,75,77,66
"France",0,0,0,0,0,0,0,0,0,0,0,0,0,0,0,0,0,0,0,0,0,0,0,0,1,1,1,0,0,1,1,1,0,0,0,0,0,0,2,2,2,0,0,0,0,0,0,0,0,0,0,0,0,0,0,0,1,2,9,14,28,31,40,37,52,82,134,144,234,266,356,385,488,626,739,849,991,1077,1237,1454,1627,1775,1674,2415,2614,3072,3100,3554,4114,3673,3862,4851,5605,4852,4070,3872,3791,3351,3187,3857,3981,4170,3914,3023,2467,3261,3601,3590,1893,1872,1253,1802,1834,2182,2049,1751,1654,1257,1064,907,1289,1270,1117,846,569,559,663,1954,1972,1818,568,428,366,458,557,612,564,519,436
"French_Polynesia",0,0,0,0,0,0,0,0,0,0,0,0,0,0,0,0,0,0,0,0,0,0,0,0,0,0,0,0,0,0,0,0,0,0,0,0,0,0,0,0,0,0,0,0,0,0,0,0,0,0,0,0,0,0,0,0,0,0,0,0,0,0,0,0,0,0,0,0,0,0,0,0,0,0,0,0,0,0,1,1,5,5,5,3,3,2,2,2,3,2,2,1,1,0,1,1,1,1,2,3,3,1,0,1,1,1,1,0,0,0,0,0,1,1,0,0,0,0,0,0,0,0,0,0,0,0,1,1,1,0,0,0,0,0,0,0,0,0,0
"Gabon",0,0,0,0,0,0,0,0,0,0,0,0,0,0,0,0,0,0,0,0,0,0,0,0,0,0,0,0,0,0,0,0,0,0,0,0,0,0,0,0,0,0,0,0,0,0,0,0,0,0,0,0,0,0,0,0,0,0,0,0,0,0,0,0,0,0,0,0,0,0,0,0,0,0,0,0,0,0,1,1,1,0,1,1,1,0,0,0,0,0,0,3,4,4,2,1,1,0,3,4,8,5,5,4,4,9,10,13,11,7,5,4,16,19,16,5,3,3,13,21,33,22,23,20,20,20,21,35,46,74,74,52,61,67,114,101,115,105,109
"Gambia",0,0,0,0,0,0,0,0,0,0,0,0,0,0,0,0,0,0,0,0,0,0,0,0,0,0,0,0,0,0,0,0,0,0,0,0,0,0,0,0,0,0,0,0,0,0,0,0,0,0,0,0,0,0,0,0,0,0,0,0,0,0,0,0,0,0,0,0,0,0,0,0,0,0,0,0,0,0,0,0,0,0,0,0,1,1,0,0,0,0,0,0,0,0,0,0,0,0,0,0,0,0,2,2,2,0,0,0,0,0,0,0,0,0,0,0,0,0,0,0,0,1,1,2,2,2,0,0,0,1,1,1,1,1,1,0,0,0,0
"Georgia",0,0,0,0,0,0,0,0,0,0,0,0,0,0,0,0,0,0,0,0,0,0,0,0,0,0,0,0,0,0,0,0,0,0,0,0,0,0,0,0,0,0,0,0,0,0,0,0,0,0,0,0,0,0,0,0,0,0,0,1,1,1,0,0,0,2,2,3,1,2,4,4,3,2,2,2,1,1,1,2,3,5,5,6,7,6,6,4,4,4,6,8,8,8,13,14,18,13,13,12,10,13,10,13,13,19,16,25,23,27,15,11,7,7,8,12,13,20,18,18,10,14,24,22,17,4,7,7,7,6,5,7,5,5,4,10,10,16,17
"Germany",0,0,0,0,0,0,0,0,0,0,0,0,0,0,0,0,0,0,0,0,0,0,0,0,0,0,0,0,1,1,1,1,1,1,1,1,1,0,1,1,0,0,1,1,1,0,0,0,0,0,0,0,0,0,0,0,1,2,11,13,30,27,33,28,44,81,163,195,167,152,150,222,410,589,743,823,983,1120,1120,2709,3677,4422,3545,3675,3364,3911,4359,5676,5346,5003,4444,4940,5408,5928,6137,6064,5232,4482,3838,4270,4767,4810,4092,3164,2480,2368,2478,2911,3285,3149,2614,2006,1932,2125,2309,2248,2043,1603,1300,1155,1309,927,1354,1126,1352,719,800,972,1147,1218,1042,758,652,696,888,881,822,705,595
"Ghana",0,0,0,0,0,0,0,0,0,0,0,0,0,0,0,0,0,0,0,0,0,0,0,0,0,0,0,0,0,0,0,0,0,0,0,0,0,0,0,0,0,0,0,0,0,0,0,0,0,0,0,0,0,0,0,0,0,0,0,0,0,0,0,0,0,0,0,0,0,0,0,0,1,1,1,0,1,1,2,2,3,5,4,4,11,15,35,28,24,7,5,4,14,17,18,6,3,27,24,33,30,30,32,63,63,76,25,25,2,64,134,134,69,37,37,79,42,132,90,131,40,175,134,166,32,215,183,307,124,431,391,391,229,288,382,277,170,109,101
"Gibraltar",0,0,0,0,0,0,0,0,0,0,0,0,0,0,0,0,0,0,0,0,0,0,0,0,0,0,0,0,0,0,0,0,0,0,0,0,0,0,0,0,0,0,0,0,0,0,0,0,0,0,0,0,0,0,0,0,0,0,0,0,0,0,0,0,0,0,0,0,0,0,0,0,0,0,0,0,0,0,0,3,3,3,2,2,2,4,7,13,10,10,5,4,1,6,9,10,5,5,5,6,5,5,3,2,1,0,1,1,1,1,0,0,0,0,0,0,1,3,3,2,0,1,1,1,0,0,0,0,0,1,1,1,0,0,0,0,0,0,0
"Greece",0,0,0,0,0,0,0,0,0,0,0,0,0,0,0,0,0,0,0,0,0,0,0,0,0,0,0,0,0,0,0,0,0,0,0,0,0,0,0,0,0,0,0,0,0,0,0,0,0,0,0,0,0,0,0,0,0,0,1,1,2,1,1,0,1,8,13,19,14,13,8,9,16,33,43,66,54,53,29,37,36,37,53,67,71,66,66,74,80,88,82,84,73,101,100,99,74,47,53,50,67,60,66,53,45,30,26,21,12,5,9,13,65,58,73,30,33,14,15,9,23,19,19,15,12,14,7,12,15,16,16,13,12,11,15,15,22,20,19
"Greenland",0,0,0,0,0,0,0,0,0,0,0,0,0,0,0,0,0,0,0,0,0,0,0,0,0,0,0,0,0,0,0,0,0,0,0,0,0,0,0,0,0,0,0,0,0,0,0,0,0,0,0,0,0,0,0,0,0,0,0,0,0,0,0,0,0,0,0,0,0,0,0,0,0,0,0,0,0,0,0,1,1,1,0,1,1,1,1,2,2,1,0,0,0,0,0,0,0,0,0,0,0,0,0,0,0,0,0,0,0,0,0,0,0,0,0,0,0,0,0,0,0,0,0,0,0,0,0,0,0,0,0,0,0,0,0,0,0,0,0
"Grenada",0,0,0,0,0,0,0,0,0,0,0,0,0,0,0,0,0,0,0,0,0,0,0,0,0,0,0,0,0,0,0,0,0,0,0,0,0,0,0,0,0,0,0,0,0,0,0,0,0,0,0,0,0,0,0,0,0,0,0,0,0,0,0,0,0,0,0,0,0,0,0,0,0,0,0,0,0,0,0,0,0,0,0,0,0,0,2,2,3,1,1,0,0,0,1,1,1,0,0,0,0,1,1,1,0,0,0,0,0,0,0,0,0,0,0,0,1,1,1,0,1,1,1,0,0,0,0,0,0,0,0,0,0,0,0,0,0,0,0
"Guam",0,0,0,0,0,0,0,0,0,0,0,0,0,0,0,0,0,0,0,0,0,0,0,0,0,0,0,0,0,0,0,0,0,0,0,0,0,0,0,0,0,0,0,0,0,0,0,0,0,0,0,0,0,0,0,0,0,0,0,0,0,0,0,0,0,0,0,0,0,0,0,0,0,0,0,0,0,0,1,4,5,4,5,5,6,3,7,6,6,2,3,5,7,7,6,5,9,8,9,5,5,3,3,2,1,1,1,0,0,0,0,0,0,0,1,2,1,1,1,1,1,1,0,1,1,1,0,1,1,1,0,0,0,0,0,1,1,1,0
"Guatemala",0,0,0,0,0,0,0,0,0,0,0,0,0,0,0,0,0,0,0,0,0,0,0,0,0,0,0,0,0,0,0,0,0,0,0,0,0,0,0,0,0,0,0,0,0,0,0,0,0,0,0,0,0,0,0,0,0,0,0,0,0,0,0,0,0,0,0,0,0,0,0,0,0,0,0,0,2,2,2,1,2,3,3,2,1,2,2,4,3,4,1,1,3,4,4,5,8,8,6,6,17,19,22,10,10,9,13,16,18,20,25,20,20,18,30,38,44,39,33,28,28,23,29,34,35,29,25,32,34,46,56,73,71,77,97,135,148,140,122
"Guinea",0,0,0,0,0,0,0,0,0,0,0,0,0,0,0,0,0,0,0,0,0,0,0,0,0,0,0,0,0,0,0,0,0,0,0,0,0,0,0,0,0,0,0,0,0,0,0,0,0,0,0,0,0,0,0,0,0,0,0,0,0,0,0,0,0,0,0,0,0,0,0,0,0,0,0,0,0,0,0,0,0,0,0,0,1,1,1,0,1,1,4,3,7,12,12,27,23,25,11,14,22,23,29,19,36,38,51,40,38,24,47,48,70,61,80,89,78,77,70,81,86,111,99,78,30,58,75,90,72,66,62,73,68,57,76,87,106,95,104
"Guinea_Bissau",0,0,0,0,0,0,0,0,0,0,0,0,0,0,0,0,0,0,0,0,0,0,0,0,0,0,0,0,0,0,0,0,0,0,0,0,0,0,0,0,0,0,0,0,0,0,0,0,0,0,0,0,0,0,0,0,0,0,0,0,0,0,0,0,0,0,0,0,0,0,0,0,0,0,0,0,0,0,0,0,0,0,0,0,0,0,1,1,1,0,0,2,2,2,2,3,3,6,5,5,1,1,2,1,1,1,1,2,3,2,1,0,0,0,1,1,1,0,7,7,8,44,61,60,29,52,73,61,50,40,55,54,56,60,31,51,31,31,0
"Guyana",0,0,0,0,0,0,0,0,0,0,0,0,0,0,0,0,0,0,0,0,0,0,0,0,0,0,0,0,0,0,0,0,0,0,0,0,0,0,0,0,0,0,0,0,0,0,0,0,0,0,0,0,0,0,0,0,0,0,0,0,0,0,0,0,0,0,0,0,0,0,0,0,0,0,0,1,1,1,0,0,0,0,0,0,0,0,0,0,1,1,1,1,4,4,4,2,3,3,3,3,2,2,3,3,2,1,3,3,5,3,3,1,1,1,1,2,2,1,0,0,1,3,2,1,0,3,4,4,0,0,1,4,5,5,3,1,1,1,2
"Haiti",0,0,0,0,0,0,0,0,0,0,0,0,0,0,0,0,0,0,0,0,0,0,0,0,0,0,0,0,0,0,0,0,0,0,0,0,0,0,0,0,0,0,0,0,0,0,0,0,0,0,0,0,0,0,0,0,0,0,0,0,0,0,0,0,0,0,0,0,0,0,0,0,0,0,0,0,0,0,0,1,1,1,0,1,2,2,1,0,0,2,2,2,0,1,1,2,1,2,1,2,2,2,2,1,3,2,3,1,1,1,1,4,5,5,5,5,3,0,1,1,1,2,3,3,1,5,5,8,10,15,14,18,21,23,17,21,30,41,44
"Holy_See",0,0,0,0,0,0,0,0,0,0,0,0,0,0,0,0,0,0,0,0,0,0,0,0,0,0,0,0,0,0,0,0,0,0,0,0,0,0,0,0,0,0,0,0,0,0,0,0,0,0,0,0,0,0,0,0,0,0,0,0,0,0,0,0,0,0,0,0,0,0,0,0,0,0,0,0,0,0,0,0,0,0,0,0,0,0,1,1,2,0,0,0,0,0,0,0,0,0,0,0,0,0,0,0,0,0,0,0,0,0,0,0,0,0,0,0,0,0,0,0,0,1,1,0,0,0,0,0,0,0,0,0,0,0,0,0,0,0,0
"Honduras",0,0,0,0,0,0,0,0,0,0,0,0,0,0,0,0,0,0,0,0,0,0,0,0,0,0,0,0,0,0,0,0,0,0,0,0,0,0,0,0,0,0,0,0,0,0,0,0,0,0,0,0,0,0,0,0,0,0,0,0,0,0,0,0,0,0,0,0,0,0,0,1,1,1,0,1,2,2,2,5,5,5,1,2,3,8,12,20,19,24,15,21,27,27,31,16,25,14,15,15,26,27,17,5,5,9,10,12,13,15,12,12,13,14,8,27,36,47,34,37,37,37,54,80,84,93,87,135,169,167,123,96,78,83,94,104,127,103,117
"Hungary",0,0,0,0,0,0,0,0,0,0,0,0,0,0,0,0,0,0,0,0,0,0,0,0,0,0,0,0,0,0,0,0,0,0,0,0,0,0,0,0,0,0,0,0,0,0,0,0,0,0,0,0,0,0,0,0,0,0,0,0,0,0,0,0,1,1,1,2,2,2,2,2,2,4,6,8,8,6,11,12,18,19,27,28,32,31,38,39,49,49,50,39,46,44,51,49,40,46,54,79,124,138,143,89,67,56,65,84,85,88,74,88,84,100,95,92,72,67,69,76,64,71,72,74,57,41,38,38,38,34,38,35,33,26,32,35,44,43,43
"Iceland",0,0,0,0,0,0,0,0,0,0,0,0,0,0,0,0,0,0,0,0,0,0,0,0,0,0,0,0,0,0,0,0,0,0,0,0,0,0,0,0,0,0,0,0,0,0,0,0,0,0,0,0,0,0,0,0,0,0,0,0,0,1,2,5,8,10,9,9,7,7,6,10,17,16,18,20,27,36,24,44,54,74,79,60,58,56,71,81,75,73,65,57,67,78,76,66,56,66,56,43,29,30,24,18,12,10,9,9,11,11,11,6,6,5,5,4,2,1,1,2,2,2,1,0,1,0,0,0,1,1,1,0,0,0,0,0,0,0,0
"India",0,0,0,0,0,0,0,0,0,0,0,0,0,0,0,0,0,0,0,0,0,0,0,0,0,0,0,0,0,0,0,0,0,0,1,0,0,0,0,0,0,0,0,0,0,0,0,0,0,0,0,0,0,0,0,0,0,0,0,0,0,0,1,1,8,8,8,2,2,4,5,13,10,11,6,6,14,16,24,22,31,52,83,87,81,70,77,104,110,116,126,139,298,350,502,470,589,506,607,556,664,751,874,913,972,1027,1076,1008,980,1111,1293,1407,1424,1376,1492,1507,1701,1605,1643,1612,1719,1869,2001,2310,2497,3032,3137,3473,3303,3424,3329,3603,3698,3781,3617,3738,3886,4308,4648
"Indonesia",0,0,0,0,0,0,0,0,0,0,0,0,0,0,0,0,0,0,0,0,0,0,0,0,0,0,0,0,0,0,0,0,0,0,0,0,0,0,0,0,0,0,0,0,0,0,0,0,0,0,0,0,0,0,0,0,0,0,0,0,0,1,1,1,0,0,1,1,1,1,5,9,9,17,21,28,22,25,18,31,46,93,96,90,79,92,105,120,122,131,123,124,131,125,153,138,161,168,215,228,267,258,295,316,348,332,298,320,361,371,353,279,296,281,338,359,396,369,295,301,296,341,347,357,358,345,409,415,396,347,402,419,384,368,469,580,582,529,516
"Iran",0,0,0,0,0,0,0,0,0,0,0,0,0,0,0,0,0,0,0,0,0,0,0,0,0,0,0,0,0,0,0,0,0,0,0,0,0,0,0,0,0,0,0,0,0,0,0,0,0,0,1,2,6,9,13,14,22,32,61,98,151,244,371,581,648,671,804,967,1018,805,740,811,971,1107,1243,1288,1209,1147,1141,1139,1158,1083,1077,1135,1400,1793,2119,2507,2797,2968,3054,3066,3095,2991,1954,2717,2586,3344,2282,2120,1907,1868,1814,1822,1704,1616,1568,1564,1539,1493,1405,1337,1311,1262,1174,1131,1111,1152,1093,1085,1059,1056,1021,930,928,1000,1174,1409,1496,1574,1523,1489,1532,1516,1707,1749,1956,1889,1872
"Iraq",0,0,0,0,0,0,0,0,0,0,0,0,0,0,0,0,0,0,0,0,0,0,0,0,0,0,0,0,0,0,0,0,0,0,0,0,0,0,0,0,0,0,0,0,0,0,0,0,0,0,0,0,0,0,0,0,2,2,2,1,3,4,5,4,4,6,4,8,8,8,2,3,4,8,5,17,13,23,13,18,13,17,19,24,34,38,39,47,53,55,57,63,49,47,26,61,63,86,51,80,67,83,39,40,33,27,21,19,27,22,35,31,40,21,34,35,54,48,46,28,61,79,102,72,70,64,71,61,66,57,66,75,72,78,88,108,93,76,61
"Ireland",0,0,0,0,0,0,0,0,0,0,0,0,0,0,0,0,0,0,0,0,0,0,0,0,0,0,0,0,0,0,0,0,0,0,0,0,0,0,0,0,0,0,0,0,0,0,0,0,0,0,0,0,0,0,0,0,0,0,0,0,0,0,0,0,2,4,5,4,3,1,5,7,16,19,29,33,44,54,66,111,130,140,116,147,181,219,231,264,284,265,263,273,277,313,346,386,421,364,368,371,676,793,901,754,853,850,964,875,834,737,660,557,427,473,652,715,630,552,488,439,330,321,319,308,298,296,269,247,221,186,171,204,198,161,135,231,238,216,104
"Isle_of_Man",0,0,0,0,0,0,0,0,0,0,0,0,0,0,0,0,0,0,0,0,0,0,0,0,0,0,0,0,0,0,0,0,0,0,0,0,0,0,0,0,0,0,0,0,0,0,0,0,0,0,0,0,0,0,0,0,0,0,0,0,0,0,0,0,0,0,0,0,0,0,0,0,0,0,0,0,0,0,0,0,0,1,1,4,7,7,4,2,3,5,4,7,8,10,21,20,19,8,8,10,17,17,23,13,14,5,9,14,16,14,5,4,3,3,2,0,0,0,0,0,2,2,2,2,2,3,2,2,1,1,1,0,0,0,1,1,1,1,1
"Israel",0,0,0,0,0,0,0,0,0,0,0,0,0,0,0,0,0,0,0,0,0,0,0,0,0,0,0,0,0,0,0,0,0,0,0,0,0,0,0,0,0,0,0,0,0,0,0,0,0,0,0,0,0,0,1,0,0,0,0,2,2,2,1,1,2,2,3,3,7,7,15,14,19,15,32,51,48,83,61,139,95,150,131,243,349,433,408,368,417,527,479,432,448,593,837,809,726,492,410,325,355,387,446,392,393,434,452,391,312,255,244,244,226,367,390,372,235,172,136,97,145,160,171,117,87,48,35,34,45,49,48,32,23,25,24,24,20,20,16
"Italy",0,0,0,0,0,0,0,0,0,0,0,0,0,0,0,0,0,0,0,0,0,0,0,0,0,0,0,0,0,0,1,1,1,0,0,0,0,0,0,0,0,0,0,0,0,0,0,0,0,0,0,0,5,25,43,71,81,89,140,189,243,346,383,458,467,607,711,931,1172,1512,1422,1696,1980,2504,2898,2956,3440,3450,3911,4352,5172,5955,6034,5635,5199,5083,5537,5774,6029,5717,5080,4440,4295,4501,4678,4686,4569,4240,3651,3491,3693,3997,4283,4246,3980,3406,2931,3142,3315,3590,3344,2931,2677,2785,2915,3012,2675,2567,2140,2051,1972,2016,1974,1912,1751,1503,1228,1247,1307,1391,1270,1071,876,983,1011,1094,890,885,846
"Jamaica",0,0,0,0,0,0,0,0,0,0,0,0,0,0,0,0,0,0,0,0,0,0,0,0,0,0,0,0,0,0,0,0,0,0,0,0,0,0,0,0,0,0,0,0,0,0,0,0,0,0,0,0,0,0,0,0,0,0,0,0,0,0,0,0,0,0,0,0,0,0,0,1,2,3,2,1,1,2,2,2,2,1,1,0,1,2,2,2,2,3,4,2,3,3,5,4,4,2,3,2,1,1,2,3,3,12,18,23,19,16,18,20,20,19,10,18,18,33,25,25,15,19,17,22,16,13,3,3,6,6,7,5,5,3,2,1,1,3,5
"Japan",0,0,0,0,0,0,0,0,0,0,0,0,0,0,0,0,0,0,0,0,0,0,0,0,0,1,0,1,1,3,3,3,3,2,2,2,2,2,0,0,0,0,0,1,2,4,8,10,7,5,8,11,13,16,17,13,11,14,22,22,18,15,8,10,21,32,47,46,46,35,38,44,54,56,54,46,29,16,20,42,59,58,46,40,49,60,79,102,142,167,151,87,104,221,327,364,346,294,212,201,283,480,830,863,766,451,442,507,565,593,528,441,378,340,374,465,470,382,228,223,234,235,231,250,259,229,172,135,105,91,95,84,82,92,94,106,71,69,47
"Jordan",0,0,0,0,0,0,0,0,0,0,0,0,0,0,0,0,0,0,0,0,0,0,0,0,0,0,0,0,0,0,0,0,0,0,0,0,0,0,0,0,0,0,0,0,0,0,0,0,0,0,0,0,0,0,0,0,0,0,0,0,0,0,0,0,0,0,0,0,0,0,0,0,0,0,0,5,5,11,12,13,11,11,14,14,14,18,20,28,27,29,19,13,6,10,8,15,15,17,9,4,8,8,8,6,6,5,4,4,3,4,5,6,4,4,4,5,5,3,3,2,1,1,3,3,3,2,4,4,10,12,16,15,18,18,14,8,7,8,11
"Kazakhstan",0,0,0,0,0,0,0,0,0,0,0,0,0,0,0,0,0,0,0,0,0,0,0,0,0,0,0,0,0,0,0,0,0,0,0,0,0,0,0,0,0,0,0,0,0,0,0,0,0,0,0,0,0,0,0,0,0,0,0,0,0,0,0,0,0,0,0,0,0,0,0,0,0,0,2,3,4,9,9,13,7,6,4,3,8,9,19,38,47,55,44,37,21,20,40,37,48,70,81,76,44,45,40,53,113,129,123,97,108,108,88,119,124,152,128,152,154,128,126,137,163,215,203,224,153,150,133,179,190,186,178,145,135,127,148,110,144,195,298
"Kenya",0,0,0,0,0,0,0,0,0,0,0,0,0,0,0,0,0,0,0,0,0,0,0,0,0,0,0,0,0,0,0,0,0,0,0,0,0,0,0,0,0,0,0,0,0,0,0,0,0,0,0,0,0,0,0,0,0,0,0,0,0,0,0,0,0,0,0,0,0,0,0,0,0,0,0,1,1,1,1,1,1,0,3,3,6,3,5,2,4,4,6,7,13,20,21,15,11,12,15,12,9,6,4,4,6,8,9,9,10,12,12,12,6,11,13,18,13,12,9,10,10,11,12,17,23,26,33,39,39,29,22,22,26,22,22,19,22,31,40
"Kuwait",0,0,0,0,0,0,0,0,0,0,0,0,0,0,0,0,0,0,0,0,0,0,0,0,0,0,0,0,0,0,0,0,0,0,0,0,0,0,0,0,0,0,0,0,0,0,0,0,0,0,0,0,0,0,1,2,4,8,13,11,6,1,4,4,3,1,1,2,2,2,3,3,5,10,11,11,8,9,10,8,10,11,13,10,5,2,6,11,13,16,14,18,21,25,18,54,71,108,88,100,82,83,100,108,102,67,57,75,101,116,130,112,109,111,135,178,215,225,225,183,222,245,312,293,320,300,395,435,430,468,445,707,693,885,780,896,861,925,923
"Kyrgyzstan",0,0,0,0,0,0,0,0,0,0,0,0,0,0,0,0,0,0,0,0,0,0,0,0,0,0,0,0,0,0,0,0,0,0,0,0,0,0,0,0,0,0,0,0,0,0,0,0,0,0,0,0,0,0,0,0,0,0,0,0,0,0,0,0,0,0,0,0,0,0,0,0,0,0,0,0,0,0,1,2,2,4,3,3,9,10,9,5,13,13,9,8,9,14,12,11,30,28,42,21,23,23,32,40,30,24,16,20,19,29,26,28,19,21,22,18,17,13,14,16,17,13,13,16,28,25,25,22,21,20,36,37,35,14,22,25,24,19,16
"Laos",0,0,0,0,0,0,0,0,0,0,0,0,0,0,0,0,0,0,0,0,0,0,0,0,0,0,0,0,0,0,0,0,0,0,0,0,0,0,0,0,0,0,0,0,0,0,0,0,0,0,0,0,0,0,0,0,0,0,0,0,0,0,0,0,0,0,0,0,0,0,0,0,0,0,0,0,0,0,0,0,0,0,0,0,1,1,2,1,1,0,1,1,1,0,0,0,0,1,1,1,1,1,1,1,1,0,0,0,0,0,0,0,0,0,0,0,0,0,0,0,0,0,0,0,0,0,0,0,0,0,0,0,0,0,0,0,0,0,0
"Latvia",0,0,0,0,0,0,0,0,0,0,0,0,0,0,0,0,0,0,0,0,0,0,0,0,0,0,0,0,0,0,0,0,0,0,0,0,0,0,0,0,0,0,0,0,0,0,0,0,0,0,0,0,0,0,0,0,0,0,0,0,0,0,0,0,0,0,0,0,1,2,2,2,3,4,5,5,6,12,13,17,17,18,18,23,24,27,21,28,28,44,32,31,23,27,32,21,25,16,13,15,16,21,18,21,14,9,5,7,8,15,17,19,12,11,13,12,14,11,11,11,12,13,11,7,7,9,8,7,4,11,10,10,6,7,4,5,7,15,21
"Lebanon",0,0,0,0,0,0,0,0,0,0,0,0,0,0,0,0,0,0,0,0,0,0,0,0,0,0,0,0,0,0,0,0,0,0,0,0,0,0,0,0,0,0,0,0,0,0,0,0,0,0,0,0,0,0,0,0,0,0,1,1,1,2,3,3,1,1,3,3,5,6,6,10,8,8,11,11,18,9,11,10,14,32,33,35,25,28,34,29,26,23,18,17,14,16,10,14,11,16,9,16,14,20,15,16,8,7,9,10,9,5,3,3,2,3,4,6,7,6,5,4,5,5,4,4,4,4,3,4,15,18,20,20,21,20,11,9,7,8,9
"Lesotho",0,0,0,0,0,0,0,0,0,0,0,0,0,0,0,0,0,0,0,0,0,0,0,0,0,0,0,0,0,0,0,0,0,0,0,0,0,0,0,0,0,0,0,0,0,0,0,0,0,0,0,0,0,0,0,0,0,0,0,0,0,0,0,0,0,0,0,0,0,0,0,0,0,0,0,0,0,0,0,0,0,0,0,0,0,0,0,0,0,0,0,0,0,0,0,0,0,0,0,0,0,0,0,0,0,0,0,0,0,0,0,0,0,0,0,0,0,0,0,0,0,0,0,0,0,0,0,0,0,0,0,0,0,0,0,0,0,0,0
"Liberia",0,0,0,0,0,0,0,0,0,0,0,0,0,0,0,0,0,0,0,0,0,0,0,0,0,0,0,0,0,0,0,0,0,0,0,0,0,0,0,0,0,0,0,0,0,0,0,0,0,0,0,0,0,0,0,0,0,0,0,0,0,0,0,0,0,0,0,0,0,0,0,0,0,0,0,0,0,1,1,0,0,0,0,0,0,0,0,0,0,0,0,0,1,1,1,1,2,2,1,6,6,8,6,6,7,4,3,5,6,7,6,8,7,3,1,5,6,8,5,7,6,3,4,4,6,5,5,7,8,10,7,3,4,4,5,1,2,3,4
"Libya",0,0,0,0,0,0,0,0,0,0,0,0,0,0,0,0,0,0,0,0,0,0,0,0,0,0,0,0,0,0,0,0,0,0,0,0,0,0,0,0,0,0,0,0,0,0,0,0,0,0,0,0,0,0,0,0,0,0,0,0,0,0,0,0,0,0,0,0,0,0,0,0,0,0,0,0,0,0,0,0,0,0,0,0,0,0,0,0,0,2,2,3,1,1,0,3,2,2,0,1,2,2,1,0,1,3,8,8,5,0,0,1,1,3,3,3,1,0,0,0,0,0,1,1,1,0,0,0,0,0,0,0,0,0,0,0,0,0,1
"Liechtenstein",0,0,0,0,0,0,0,0,0,0,0,0,0,0,0,0,0,0,0,0,0,0,0,0,0,0,0,0,0,0,0,0,0,0,0,0,0,0,0,0,0,0,0,0,0,0,0,0,0,0,0,0,0,0,0,0,0,0,0,0,0,0,0,0,0,0,0,0,0,0,0,1,1,1,0,1,1,1,6,6,9,4,7,4,4,2,3,4,3,2,1,2,3,4,2,2,1,1,0,0,0,1,0,0,0,0,0,0,0,0,0,0,0,0,0,0,0,0,0,0,0,0,0,0,0,0,0,0,0,0,0,0,0,0,0,0,0,0,0
"Lithuania",0,0,0,0,0,0,0,0,0,0,0,0,0,0,0,0,0,0,0,0,0,0,0,0,0,0,0,0,0,0,0,0,0,0,0,0,0,0,0,0,0,0,0,0,0,0,0,0,0,0,0,0,0,0,0,0,0,0,0,0,0,0,0,0,0,0,0,0,0,0,1,1,1,1,2,4,4,5,6,10,15,24,32,37,35,44,40,50,40,62,42,46,32,55,79,63,54,24,36,34,37,40,47,36,24,6,10,26,56,69,59,37,24,24,20,13,9,9,13,-27,-21,-21,18,10,8,7,6,6,5,4,5,15,16,16,9,9,11,10,11
"Luxembourg",0,0,0,0,0,0,0,0,0,0,0,0,0,0,0,0,0,0,0,0,0,0,0,0,0,0,0,0,0,0,0,0,0,0,0,0,0,0,0,0,0,0,0,0,0,0,0,0,0,0,0,0,0,0,0,0,0,0,0,0,0,0,0,0,0,0,1,1,1,1,1,1,7,10,10,17,14,34,44,88,115,153,151,130,143,178,193,169,166,166,128,116,123,166,145,137,106,77,80,77,91,84,79,55,23,12,31,51,58,55,35,26,27,35,36,26,19,19,11,10,15,18,20,14,13,9,9,9,10,10,9,9,6,6,6,9,10,9,7
"Madagascar",0,0,0,0,0,0,0,0,0,0,0,0,0,0,0,0,0,0,0,0,0,0,0,0,0,0,0,0,0,0,0,0,0,0,0,0,0,0,0,0,0,0,0,0,0,0,0,0,0,0,0,0,0,0,0,0,0,0,0,0,0,0,0,0,0,0,0,0,0,0,0,0,0,0,0,0,0,0,0,0,1,1,1,5,5,5,2,2,3,5,7,6,6,5,6,6,4,4,5,7,5,6,3,4,1,2,1,2,3,2,3,1,1,0,0,0,1,1,2,1,1,1,2,2,6,5,8,3,7,4,4,1,6,8,14,15,15,24,33
"Malawi",0,0,0,0,0,0,0,0,0,0,0,0,0,0,0,0,0,0,0,0,0,0,0,0,0,0,0,0,0,0,0,0,0,0,0,0,0,0,0,0,0,0,0,0,0,0,0,0,0,0,0,0,0,0,0,0,0,0,0,0,0,0,0,0,0,0,0,0,0,0,0,0,0,0,0,0,0,0,0,0,0,0,0,0,0,0,0,0,0,0,0,0,0,1,1,1,0,1,1,1,1,0,1,2,2,1,1,0,0,0,0,0,0,2,5,5,3,0,1,1,1,0,0,1,1,1,1,1,1,1,4,4,5,1,2,2,2,1,1
"Malaysia",0,0,0,0,0,0,0,0,0,0,0,0,0,0,0,0,0,0,0,0,0,0,0,0,1,1,1,0,1,1,1,0,0,0,0,1,1,2,2,1,1,1,1,0,0,1,1,1,0,0,0,0,0,0,0,0,0,0,0,1,1,2,1,4,7,7,16,14,16,11,12,17,14,23,30,90,119,145,121,116,119,131,135,163,147,163,171,179,175,146,155,149,146,163,189,192,182,153,160,152,145,128,137,152,157,152,130,122,88,78,69,58,59,48,59,70,70,59,43,36,55,61,73,77,99,94,69,43,38,51,54,63,64,51,41,31,38,31,23
"Maldives",0,0,0,0,0,0,0,0,0,0,0,0,0,0,0,0,0,0,0,0,0,0,0,0,0,0,0,0,0,0,0,0,0,0,0,0,0,0,0,0,0,0,0,0,0,0,0,0,0,0,0,0,0,0,0,0,0,0,0,0,0,0,0,0,0,0,0,1,1,1,1,1,1,1,0,2,1,1,0,0,0,0,0,0,0,0,0,0,1,1,1,1,1,1,0,0,0,0,0,0,0,0,0,0,0,1,0,2,3,5,9,13,17,11,14,14,17,35,29,36,21,85,82,81,20,20,18,30,30,24,58,64,84,38,40,28,42,41,48
"Mali",0,0,0,0,0,0,0,0,0,0,0,0,0,0,0,0,0,0,0,0,0,0,0,0,0,0,0,0,0,0,0,0,0,0,0,0,0,0,0,0,0,0,0,0,0,0,0,0,0,0,0,0,0,0,0,0,0,0,0,0,0,0,0,0,0,0,0,0,0,0,0,0,0,0,0,0,0,0,0,0,0,0,0,0,0,1,1,1,2,5,5,3,3,6,7,4,3,3,5,5,4,10,15,19,12,13,11,16,15,23,18,19,14,23,21,22,26,27,28,18,31,27,28,21,24,24,23,23,23,19,20,18,15,13,18,22,25,26,28
"Malta",0,0,0,0,0,0,0,0,0,0,0,0,0,0,0,0,0,0,0,0,0,0,0,0,0,0,0,0,0,0,0,0,0,0,0,0,0,0,0,0,0,0,0,0,0,0,0,0,0,0,0,0,0,0,0,0,0,0,0,0,0,0,0,0,0,0,0,1,1,1,1,1,1,4,4,7,7,9,7,9,8,13,14,13,13,9,9,7,6,6,5,11,13,12,7,8,11,16,27,24,29,21,22,14,8,7,8,9,10,6,5,4,6,6,4,1,1,1,1,1,5,5,6,1,4,4,5,2,2,2,2,3,5,4,4,6,10,13,13
"Mauritania",0,0,0,0,0,0,0,0,0,0,0,0,0,0,0,0,0,0,0,0,0,0,0,0,0,0,0,0,0,0,0,0,0,0,0,0,0,0,0,0,0,0,0,0,0,0,0,0,0,0,0,0,0,0,0,0,0,0,0,0,0,0,0,0,0,0,0,0,0,0,0,0,0,0,0,0,0,0,0,0,0,0,0,0,0,0,0,0,1,1,1,0,0,0,0,0,0,0,0,0,0,0,0,0,0,0,0,0,0,0,0,0,0,0,0,0,0,0,0,0,0,0,0,0,0,0,0,0,0,0,0,0,0,0,0,3,7,7,4
"Mauritius",0,0,0,0,0,0,0,0,0,0,0,0,0,0,0,0,0,0,0,0,0,0,0,0,0,0,0,0,0,0,0,0,0,0,0,0,0,0,0,0,0,0,0,0,0,0,0,0,0,0,0,0,0,0,0,0,0,0,0,0,0,0,0,0,0,0,0,0,0,0,0,0,0,0,0,0,0,0,0,1,4,5,8,8,9,7,15,17,18,10,11,14,15,14,14,14,19,19,24,15,23,17,15,3,2,2,0,0,0,0,1,1,1,0,1,1,1,0,0,0,0,0,0,0,0,0,0,0,0,0,0,0,0,0,0,0,0,0,0
"Mexico",0,0,0,0,0,0,0,0,0,0,0,0,0,0,0,0,0,0,0,0,0,0,0,0,0,0,0,0,0,0,0,0,0,0,0,0,0,0,0,0,0,0,0,0,0,0,0,0,0,0,0,0,0,0,0,0,0,0,0,1,1,2,1,0,0,0,0,0,1,1,1,1,3,6,10,12,19,17,22,27,37,44,51,55,51,53,73,104,124,136,126,122,128,139,158,171,211,250,298,346,334,353,346,407,390,393,395,428,492,550,655,632,668,761,954,1124,1099,1015,886,970,1041,1232,1329,1430,1416,1389,1312,1388,1570,1832,1942,1802,1602,1621,1721,2089,2236,2319,2220
"Moldova",0,0,0,0,0,0,0,0,0,0,0,0,0,0,0,0,0,0,0,0,0,0,0,0,0,0,0,0,0,0,0,0,0,0,0,0,0,0,0,0,0,0,0,0,0,0,0,0,0,0,0,0,0,0,0,0,0,0,0,0,0,0,0,0,0,0,0,0,0,0,1,1,2,2,5,6,7,3,4,7,12,15,15,14,15,18,23,25,27,29,33,41,53,69,79,110,120,125,101,103,108,127,129,124,91,125,129,147,110,101,106,95,88,102,126,165,175,161,124,111,121,139,114,94,75,89,104,118,119,122,130,107,89,96,160,186,197,176,190
"Monaco",0,0,0,0,0,0,0,0,0,0,0,0,0,0,0,0,0,0,0,0,0,0,0,0,0,0,0,0,0,0,0,0,0,0,0,0,0,0,0,0,0,0,0,0,0,0,0,0,0,0,0,0,0,0,0,0,0,0,0,0,0,0,0,0,0,0,0,0,0,0,0,0,0,0,1,2,3,2,1,1,1,3,4,4,3,3,3,5,4,4,2,3,3,4,4,4,4,4,4,3,2,4,4,3,1,0,0,0,0,0,0,0,0,0,0,0,0,0,0,0,0,0,0,0,0,0,0,0,0,0,0,0,0,0,0,0,0,0,0
"Mongolia",0,0,0,0,0,0,0,0,0,0,0,0,0,0,0,0,0,0,0,0,0,0,0,0,0,0,0,0,0,0,0,0,0,0,0,0,0,0,0,0,0,0,0,0,0,0,0,0,0,0,0,0,0,0,0,0,0,0,0,0,0,0,0,0,0,0,0,0,0,0,0,0,0,0,0,0,0,1,1,1,1,2,2,1,0,0,0,0,1,0,0,0,1,1,1,0,0,0,0,1,0,0,0,0,0,5,5,5,0,0,0,1,1,1,1,0,1,1,1,0,0,0,0,0,1,1,1,0,0,0,0,0,0,0,6,6,31,25,25
"Montenegro",0,0,0,0,0,0,0,0,0,0,0,0,0,0,0,0,0,0,0,0,0,0,0,0,0,0,0,0,0,0,0,0,0,0,0,0,0,0,0,0,0,0,0,0,0,0,0,0,0,0,0,0,0,0,0,0,0,0,0,0,0,0,0,0,0,0,0,0,0,0,0,0,0,0,0,0,0,1,3,4,4,2,3,4,11,11,13,9,10,6,5,8,13,18,22,26,23,20,13,12,6,5,5,7,6,7,5,10,7,6,2,3,2,2,2,2,2,1,1,0,0,0,0,0,0,0,1,1,0,0,0,0,0,0,0,0,0,0,0
"Montserrat",0,0,0,0,0,0,0,0,0,0,0,0,0,0,0,0,0,0,0,0,0,0,0,0,0,0,0,0,0,0,0,0,0,0,0,0,0,0,0,0,0,0,0,0,0,0,0,0,0,0,0,0,0,0,0,0,0,0,0,0,0,0,0,0,0,0,0,0,0,0,0,0,0,0,0,0,0,0,0,0,0,0,0,0,0,0,1,1,1,0,0,0,0,0,0,0,0,0,0,1,1,1,0,1,1,1,0,0,0,0,0,0,0,0,0,0,0,0,0,0,0,0,0,0,0,0,0,0,0,0,0,0,0,0,0,0,0,0,0
"Morocco",0,0,0,0,0,0,0,0,0,0,0,0,0,0,0,0,0,0,0,0,0,0,0,0,0,0,0,0,0,0,0,0,0,0,0,0,0,0,0,0,0,0,0,0,0,0,0,0,0,0,0,0,0,0,0,0,0,0,0,0,0,0,0,0,0,0,0,0,0,0,0,1,1,2,4,7,10,9,9,9,14,14,17,16,25,37,47,58,44,68,70,86,58,51,30,88,104,137,88,85,85,88,90,96,105,114,121,173,225,220,191,161,175,174,174,183,173,166,121,118,85,101,106,136,160,158,163,168,168,164,167,172,190,169,150,109,78,76,74
"Mozambique",0,0,0,0,0,0,0,0,0,0,0,0,0,0,0,0,0,0,0,0,0,0,0,0,0,0,0,0,0,0,0,0,0,0,0,0,0,0,0,0,0,0,0,0,0,0,0,0,0,0,0,0,0,0,0,0,0,0,0,0,0,0,0,0,0,0,0,0,0,0,0,0,0,0,0,0,0,0,0,0,0,0,0,0,0,1,2,2,1,0,0,0,1,1,1,0,0,0,0,2,2,3,1,1,2,3,3,1,2,2,3,2,1,1,2,9,10,10,4,2,0,0,1,1,1,0,1,0,0,0,2,3,7,6,5,4,5,7,8
"Myanmar",0,0,0,0,0,0,0,0,0,0,0,0,0,0,0,0,0,0,0,0,0,0,0,0,0,0,0,0,0,0,0,0,0,0,0,0,0,0,0,0,0,0,0,0,0,0,0,0,0,0,0,0,0,0,0,0,0,0,0,0,0,0,0,0,0,0,0,0,0,0,0,0,0,0,0,0,0,0,0,0,0,0,0,1,1,1,1,1,2,1,3,2,3,2,2,2,0,1,0,0,2,2,3,5,11,14,11,8,7,11,9,8,5,5,4,8,6,5,1,1,1,2,0,0,1,3,3,2,5,5,5,1,1,1,0,0,1,0,0
"Namibia",0,0,0,0,0,0,0,0,0,0,0,0,0,0,0,0,0,0,0,0,0,0,0,0,0,0,0,0,0,0,0,0,0,0,0,0,0,0,0,0,0,0,0,0,0,0,0,0,0,0,0,0,0,0,0,0,0,0,0,0,0,0,0,0,0,0,0,0,0,0,0,0,0,0,1,1,1,0,0,0,0,0,0,0,0,0,2,2,1,1,1,1,1,1,1,0,1,1,1,0,0,0,0,0,0,0,0,0,0,0,0,0,0,0,0,0,0,0,0,0,0,0,0,0,0,0,0,0,0,0,0,0,0,0,0,0,0,0,0
"Nepal",0,0,0,0,0,0,0,0,0,0,0,0,0,0,0,0,0,0,0,0,0,0,0,0,0,0,0,0,0,0,0,0,0,0,0,0,0,0,0,0,0,0,0,0,0,0,0,0,0,0,0,0,0,0,0,0,0,0,0,0,0,0,0,0,0,0,0,0,0,0,0,0,0,0,0,0,0,0,0,0,0,0,0,0,1,1,0,0,1,1,1,0,0,0,0,0,1,1,1,0,0,0,0,1,2,2,1,1,5,5,5,0,4,5,6,2,1,1,1,2,2,2,2,1,6,8,8,8,6,6,3,6,11,36,33,41,20,24,16
"Netherlands",0,0,0,0,0,0,0,0,0,0,0,0,0,0,0,0,0,0,0,0,0,0,0,0,0,0,0,0,0,0,0,0,0,0,0,0,0,0,0,0,0,0,0,0,0,0,0,0,0,0,0,0,0,0,0,0,0,0,0,1,2,4,5,7,8,21,33,50,61,64,65,79,98,141,152,174,203,249,305,349,430,527,581,585,643,736,894,1014,1117,1145,1049,944,916,982,1043,1004,1051,1027,984,899,986,1172,1288,1275,1151,1002,855,888,1010,1145,1147,985,848,729,775,800,783,705,570,409,319,357,458,478,418,326,284,249,335,335,354,284,232,201,195,231,232,220,193
"New_Caledonia",0,0,0,0,0,0,0,0,0,0,0,0,0,0,0,0,0,0,0,0,0,0,0,0,0,0,0,0,0,0,0,0,0,0,0,0,0,0,0,0,0,0,0,0,0,0,0,0,0,0,0,0,0,0,0,0,0,0,0,0,0,0,0,0,0,0,0,0,0,0,0,0,0,0,0,0,0,0,0,0,1,1,2,2,2,3,3,2,0,0,0,0,0,0,1,1,1,0,0,0,0,0,0,0,0,0,0,0,0,0,0,0,0,0,0,0,0,0,0,0,0,0,0,0,0,0,0,0,0,0,0,0,0,0,0,0,0,0,0
"New_Zealand",0,0,0,0,0,0,0,0,0,0,0,0,0,0,0,0,0,0,0,0,0,0,0,0,0,0,0,0,0,0,0,0,0,0,0,0,0,0,0,0,0,0,0,0,0,0,0,0,0,0,0,0,0,0,0,0,0,0,0,0,0,0,0,0,1,1,1,1,0,0,0,0,0,0,1,1,1,4,7,10,11,13,21,30,41,53,65,76,71,71,77,57,57,42,59,50,46,40,32,27,24,22,19,16,12,10,7,5,5,5,6,4,5,2,2,2,3,3,2,2,2,3,3,2,2,1,1,1,1,1,2,2,2,1,0,0,0,1,1
"Nicaragua",0,0,0,0,0,0,0,0,0,0,0,0,0,0,0,0,0,0,0,0,0,0,0,0,0,0,0,0,0,0,0,0,0,0,0,0,0,0,0,0,0,0,0,0,0,0,0,0,0,0,0,0,0,0,0,0,0,0,0,0,0,0,0,0,0,0,0,0,0,0,0,0,0,0,0,0,0,0,0,0,1,0,0,0,0,0,0,0,1,1,1,0,0,0,0,0,0,0,0,0,0,0,0,1,1,1,0,0,0,0,0,0,0,0,0,0,1,1,1,0,0,0,0,0,0,0,1,1,0,0,0,0,0,3,3,3,0,0,0
"Niger",0,0,0,0,0,0,0,0,0,0,0,0,0,0,0,0,0,0,0,0,0,0,0,0,0,0,0,0,0,0,0,0,0,0,0,0,0,0,0,0,0,0,0,0,0,0,0,0,0,0,0,0,0,0,0,0,0,0,0,0,0,0,0,0,0,0,0,0,0,0,0,0,0,0,0,0,0,0,0,0,0,0,0,0,2,2,3,1,1,0,3,3,21,18,26,15,37,52,53,53,52,53,50,40,37,26,18,20,19,18,13,9,5,5,5,9,7,8,7,8,6,6,6,8,10,9,9,7,9,11,15,13,12,13,13,15,10,10,6
"Nigeria",0,0,0,0,0,0,0,0,0,0,0,0,0,0,0,0,0,0,0,0,0,0,0,0,0,0,0,0,0,0,0,0,0,0,0,0,0,0,0,0,0,0,0,0,0,0,0,0,0,0,0,0,0,0,0,0,0,0,0,0,0,0,0,0,0,0,0,0,0,0,0,0,0,0,0,0,0,0,2,2,3,5,7,9,7,7,8,12,15,11,17,11,18,14,20,20,19,16,15,15,17,17,14,12,13,18,28,33,40,45,62,57,80,82,105,104,103,97,81,117,152,198,213,220,209,211,187,196,241,321,335,291,243,212,191,174,219,217,212
"North_Macedonia",0,0,0,0,0,0,0,0,0,0,0,0,0,0,0,0,0,0,0,0,0,0,0,0,0,0,0,0,0,0,0,0,0,0,0,0,0,0,0,0,0,0,0,0,0,0,0,0,0,0,0,0,0,0,0,0,0,0,0,0,0,0,0,0,0,0,1,1,1,0,1,1,2,2,2,1,2,6,10,10,13,14,22,22,21,21,22,24,21,19,22,29,32,23,34,43,43,47,39,45,31,37,48,55,48,49,49,76,70,65,42,36,20,17,25,32,36,29,24,18,19,22,24,21,15,8,7,9,18,20,28,23,26,17,17,20,22,23,20
"Northern_Mariana_Islands",0,0,0,0,0,0,0,0,0,0,0,0,0,0,0,0,0,0,0,0,0,0,0,0,0,0,0,0,0,0,0,0,0,0,0,0,0,0,0,0,0,0,0,0,0,0,0,0,0,0,0,0,0,0,0,0,0,0,0,0,0,0,0,0,0,0,0,0,0,0,0,0,0,0,0,0,0,0,0,0,0,0,0,0,0,0,0,0,0,0,1,2,2,2,1,1,0,0,0,1,1,1,0,0,0,1,1,1,0,0,0,0,0,0,0,0,0,0,0,0,0,0,0,0,0,0,0,0,0,0,0,0,1,1,1,0,0,1,1
"Norway",0,0,0,0,0,0,0,0,0,0,0,0,0,0,0,0,0,0,0,0,0,0,0,0,0,0,0,0,0,0,0,0,0,0,0,0,0,0,0,0,0,0,0,0,0,0,0,0,0,0,0,0,0,0,0,0,0,0,1,2,5,5,6,6,12,20,27,30,28,26,43,107,143,115,139,152,183,134,115,128,145,168,193,210,213,261,262,338,310,315,215,201,188,236,254,282,235,182,118,123,135,127,103,85,81,82,87,101,75,102,92,107,61,61,77,81,72,53,42,46,54,59,51,31,33,29,48,48,49,44,39,35,24,22,20,23,21,13,7
"Oman",0,0,0,0,0,0,0,0,0,0,0,0,0,0,0,0,0,0,0,0,0,0,0,0,0,0,0,0,0,0,0,0,0,0,0,0,0,0,0,0,0,0,0,0,0,0,0,0,0,0,0,0,0,0,0,1,1,1,1,1,1,0,0,0,3,3,3,0,0,1,1,1,0,1,1,1,1,1,6,5,8,4,5,6,11,15,14,16,18,19,16,13,14,17,13,22,22,47,47,40,29,22,42,47,110,121,104,69,53,90,82,146,109,116,69,94,97,94,86,75,92,100,105,70,73,63,84,112,107,126,107,147,154,166,207,256,301,337,364
"Pakistan",0,0,0,0,0,0,0,0,0,0,0,0,0,0,0,0,0,0,0,0,0,0,0,0,0,0,0,0,0,0,0,0,0,0,0,0,0,0,0,0,0,0,0,0,0,0,0,0,0,0,0,0,0,0,0,0,0,1,1,1,1,1,1,0,0,0,0,0,0,3,3,5,2,2,3,3,55,52,90,97,103,115,102,131,115,91,103,69,117,110,143,210,255,222,84,53,329,524,541,348,246,239,239,258,309,317,377,436,498,496,464,578,585,444,646,730,991,724,713,721,810,913,1076,1115,1123,1129,1149,1296,1445,1641,1797,1701,1536,1624,1616,1712,1488,1454,1428
"Palestine",0,0,0,0,0,0,0,0,0,0,0,0,0,0,0,0,0,0,0,0,0,0,0,0,0,0,0,0,0,0,0,0,0,0,0,0,0,0,0,0,0,0,0,0,0,0,0,0,0,0,0,0,0,0,0,0,0,0,0,0,0,0,0,0,0,2,5,6,4,1,3,4,3,2,3,3,1,1,2,3,2,3,4,4,3,1,8,10,12,7,8,7,9,13,13,7,21,33,35,15,3,2,2,2,1,6,8,9,7,7,9,7,5,4,2,4,2,53,52,51,4,4,7,3,5,2,7,8,8,3,0,0,0,0,0,0,2,2,2
"Panama",0,0,0,0,0,0,0,0,0,0,0,0,0,0,0,0,0,0,0,0,0,0,0,0,0,0,0,0,0,0,0,0,0,0,0,0,0,0,0,0,0,0,0,0,0,0,0,0,0,0,0,0,0,0,0,0,0,0,0,0,0,0,0,0,0,0,0,0,0,0,2,5,9,10,10,5,11,14,22,23,38,45,59,48,66,92,110,114,104,105,96,93,109,133,164,161,171,142,149,180,217,242,235,216,166,113,117,181,212,174,150,149,183,175,169,172,182,204,228,221,200,170,173,237,222,222,144,178,160,182,184,193,182,167,165,167,162,168,171
"Papua_New_Guinea",0,0,0,0,0,0,0,0,0,0,0,0,0,0,0,0,0,0,0,0,0,0,0,0,0,0,0,0,0,0,0,0,0,0,0,0,0,0,0,0,0,0,0,0,0,0,0,0,0,0,0,0,0,0,0,0,0,0,0,0,0,0,0,0,0,0,0,0,0,0,0,0,0,0,0,0,0,0,0,0,0,0,0,0,0,0,0,0,0,0,0,0,0,0,0,0,0,0,0,0,0,0,0,0,0,0,0,2,2,2,0,0,0,0,0,0,0,0,0,0,0,0,0,0,0,0,0,0,0,0,0,0,0,0,0,0,0,0,0
"Paraguay",0,0,0,0,0,0,0,0,0,0,0,0,0,0,0,0,0,0,0,0,0,0,0,0,0,0,0,0,0,0,0,0,0,0,0,0,0,0,0,0,0,0,0,0,0,0,0,0,0,0,0,0,0,0,0,0,0,0,0,0,0,0,0,0,0,0,0,0,0,0,1,1,2,1,1,1,1,1,1,1,2,4,3,3,5,6,8,6,6,4,3,3,2,4,9,12,12,6,4,4,5,6,3,6,9,9,9,5,14,9,11,2,4,2,4,3,5,3,2,4,7,12,31,40,43,27,20,15,16,44,83,84,54,16,9,10,7,13,14
"Peru",0,0,0,0,0,0,0,0,0,0,0,0,0,0,0,0,0,0,0,0,0,0,0,0,0,0,0,0,0,0,0,0,0,0,0,0,0,0,0,0,0,0,0,0,0,0,0,0,0,0,0,0,0,0,0,0,0,0,0,0,0,0,0,0,0,0,0,0,2,3,3,3,4,9,9,16,16,25,25,49,49,58,43,44,33,65,62,73,38,91,105,131,157,155,177,141,289,322,403,687,898,981,835,754,541,1152,1319,1657,1062,982,1046,945,1139,1207,1530,1270,2027,2201,2350,1953,2138,2759,3090,2868,2984,2304,2885,2963,3718,3553,3399,2927,2325,2348,3000,3927,4145,4078,3994
"Philippines",0,0,0,0,0,0,0,0,0,0,0,0,0,0,0,0,0,0,0,0,0,0,0,0,0,0,0,0,0,0,0,0,0,0,0,0,0,0,0,0,0,0,0,0,0,0,0,0,0,0,0,0,0,0,0,0,0,0,0,0,0,0,0,0,0,0,1,1,2,9,9,13,6,10,21,29,26,25,21,29,14,59,50,77,57,85,82,84,146,237,427,336,298,183,311,261,204,214,223,208,139,104,186,191,285,265,268,243,218,211,200,194,171,150,174,198,195,199,195,221,211,237,271,239,245,238,252,260,286,260,202,150,208,247,275,263,247,229,214
"Poland",0,0,0,0,0,0,0,0,0,0,0,0,0,0,0,0,0,0,0,0,0,0,0,0,0,0,0,0,0,0,0,0,0,0,0,0,0,0,0,0,0,0,0,0,0,0,0,0,0,0,0,0,0,0,0,0,0,0,0,0,0,0,0,0,0,0,1,2,3,4,5,7,11,15,24,25,36,45,54,59,62,83,93,108,122,139,157,163,196,214,222,224,231,297,357,358,385,343,407,368,387,369,384,366,326,282,303,328,392,387,456,405,371,294,306,345,368,369,337,315,341,325,296,245,272,300,352,349,347,312,304,316,320,423,403,430,365,351,294
"Portugal",0,0,0,0,0,0,0,0,0,0,0,0,0,0,0,0,0,0,0,0,0,0,0,0,0,0,0,0,0,0,0,0,0,0,0,0,0,0,0,0,0,0,0,0,0,0,0,0,0,0,0,0,0,0,0,0,0,0,0,0,0,0,1,1,2,2,3,5,7,9,7,10,13,24,37,56,73,93,132,151,191,213,272,347,361,465,495,635,725,806,713,758,763,875,814,758,748,615,639,621,742,1010,949,876,487,487,502,636,525,531,455,614,565,592,497,631,567,498,291,214,282,281,342,166,179,58,171,219,397,522,408,289,137,169,184,213,223,226,239
"Puerto_Rico",0,0,0,0,0,0,0,0,0,0,0,0,0,0,0,0,0,0,0,0,0,0,0,0,0,0,0,0,0,0,0,0,0,0,0,0,0,0,0,0,0,0,0,0,0,0,0,0,0,0,0,0,0,0,0,0,0,0,0,0,0,0,0,0,0,0,0,0,0,0,0,0,0,0,0,0,0,0,0,0,0,0,0,0,0,0,0,21,33,42,37,46,53,47,46,55,53,45,40,48,57,51,56,71,59,45,26,47,48,48,57,61,45,13,0,8,18,40,38,31,21,50,58,108,90,89,56,53,63,77,68,56,33,42,44,57,81,87,70
"Qatar",0,0,0,0,0,0,0,0,0,0,0,0,0,0,0,0,0,0,0,0,0,0,0,0,0,0,0,0,0,0,0,0,0,0,0,0,0,0,0,0,0,0,0,0,0,0,0,0,0,0,0,0,0,0,0,0,0,0,0,0,0,1,1,2,2,2,1,1,2,2,4,82,81,99,25,46,40,35,17,7,9,10,11,10,15,14,16,12,18,28,44,64,67,85,56,163,218,294,244,202,181,152,173,201,240,233,244,291,412,432,448,451,508,564,583,664,739,841,906,854,759,722,725,769,714,698,757,807,900,1020,1120,1210,1141,1273,1340,1550,1425,1478,1416
"Romania",0,0,0,0,0,0,0,0,0,0,0,0,0,0,0,0,0,0,0,0,0,0,0,0,0,0,0,0,0,0,0,0,0,0,0,0,0,0,0,0,0,0,0,0,0,0,0,0,0,0,0,0,0,0,0,0,0,0,0,1,1,1,0,0,0,1,1,3,3,3,4,10,16,21,23,25,32,35,40,31,30,36,52,89,132,158,151,177,182,244,220,264,233,262,313,384,375,291,268,299,382,350,410,366,389,296,305,358,396,401,346,290,275,321,387,392,308,313,307,327,314,300,317,251,308,315,368,315,329,325,341,288,259,216,213,220,220,234,241
"Russia",0,0,0,0,0,0,0,0,0,0,0,0,0,0,0,0,0,0,0,0,0,0,0,0,0,0,0,0,0,0,0,1,1,1,0,0,0,0,0,0,0,0,0,0,0,0,0,0,0,0,0,0,0,0,0,0,0,0,0,0,0,0,0,1,1,0,2,2,2,0,0,5,7,12,11,11,16,18,28,35,46,53,80,62,63,73,134,180,202,231,267,358,414,571,604,651,614,731,922,1094,1263,1473,1637,1880,2137,2506,2907,3203,3635,4101,4972,5038,5323,5049,5217,5286,5530,6059,6175,6323,6150,6450,6958,8218,9396,10279,10439,10414,10631,10830,10916,10843,11162,11189,10861,10300,10200,9924,9666
"Rwanda",0,0,0,0,0,0,0,0,0,0,0,0,0,0,0,0,0,0,0,0,0,0,0,0,0,0,0,0,0,0,0,0,0,0,0,0,0,0,0,0,0,0,0,0,0,0,0,0,0,0,0,0,0,0,0,0,0,0,0,0,0,0,0,0,0,0,0,0,0,0,0,0,0,0,0,2,2,2,2,2,3,2,3,6,8,7,5,5,6,7,5,5,4,4,5,7,7,5,1,2,3,4,3,4,3,5,3,4,3,3,3,1,2,2,2,9,10,12,10,10,11,12,12,10,5,4,2,3,3,4,4,4,4,2,1,1,0,1,1
"Saint_Kitts_and_Nevis",0,0,0,0,0,0,0,0,0,0,0,0,0,0,0,0,0,0,0,0,0,0,0,0,0,0,0,0,0,0,0,0,0,0,0,0,0,0,0,0,0,0,0,0,0,0,0,0,0,0,0,0,0,0,0,0,0,0,0,0,0,0,0,0,0,0,0,0,0,0,0,0,0,0,0,0,0,0,0,0,0,0,0,0,0,1,1,1,0,2,2,2,0,0,0,1,1,1,0,0,0,0,0,0,0,1,1,1,0,0,0,0,0,0,0,0,0,0,0,0,0,0,0,0,0,0,0,0,0,0,0,0,0,0,0,0,0,0,0
"Saint_Lucia",0,0,0,0,0,0,0,0,0,0,0,0,0,0,0,0,0,0,0,0,0,0,0,0,0,0,0,0,0,0,0,0,0,0,0,0,0,0,0,0,0,0,0,0,0,0,0,0,0,0,0,0,0,0,0,0,0,0,0,0,0,0,0,0,0,0,0,0,0,0,0,0,0,0,1,1,1,0,0,0,0,0,0,0,0,0,0,0,0,2,2,3,1,1,0,0,0,0,0,0,0,0,0,0,0,0,0,0,0,0,0,0,0,0,0,0,0,0,0,0,1,1,1,0,0,0,0,0,0,0,0,0,0,0,0,0,0,0,0
"Saint_Vincent_and_the_Grenadines",0,0,0,0,0,0,0,0,0,0,0,0,0,0,0,0,0,0,0,0,0,0,0,0,0,0,0,0,0,0,0,0,0,0,0,0,0,0,0,0,0,0,0,0,0,0,0,0,0,0,0,0,0,0,0,0,0,0,0,0,0,0,0,0,0,0,0,0,0,0,0,0,0,0,0,0,0,0,0,0,0,0,0,0,0,0,0,0,0,0,0,0,0,0,2,2,2,0,0,0,2,1,1,0,0,0,0,0,0,0,0,0,0,0,0,1,0,0,0,1,1,0,0,0,0,0,0,0,0,0,0,0,0,0,0,0,0,0,0
"San_Marino",0,0,0,0,0,0,0,0,0,0,0,0,0,0,0,0,0,0,0,0,0,0,0,0,0,0,0,0,0,0,0,0,0,0,0,0,0,0,0,0,0,0,0,0,0,0,0,0,0,0,0,0,0,0,0,0,0,0,0,0,0,2,2,3,2,5,4,4,5,9,12,10,6,4,9,10,10,4,4,8,16,14,8,12,12,19,10,12,5,4,2,2,2,5,7,8,7,9,7,14,19,22,16,8,4,5,12,23,21,21,12,9,7,9,13,12,8,12,8,13,8,10,9,6,4,1,3,9,13,11,10,2,2,0,5,7,5,3,2
"Sao_Tome_and_Principe",0,0,0,0,0,0,0,0,0,0,0,0,0,0,0,0,0,0,0,0,0,0,0,0,0,0,0,0,0,0,0,0,0,0,0,0,0,0,0,0,0,0,0,0,0,0,0,0,0,0,0,0,0,0,0,0,0,0,0,0,0,0,0,0,0,0,0,0,0,0,0,0,0,0,0,0,0,0,0,0,0,0,0,0,0,0,0,0,0,0,0,0,0,0,0,0,0,0,0,1,1,1,0,0,0,0,0,0,0,0,0,0,0,1,1,1,0,0,0,1,2,3,2,1,1,52,52,52,4,11,11,7,1,4,9,8,5,0,0
"Saudi_Arabia",0,0,0,0,0,0,0,0,0,0,0,0,0,0,0,0,0,0,0,0,0,0,0,0,0,0,0,0,0,0,0,0,0,0,0,0,0,0,0,0,0,0,0,0,0,0,0,0,0,0,0,0,0,0,0,0,0,0,0,0,0,0,0,0,0,1,1,2,2,3,4,11,16,22,14,19,16,16,18,35,47,74,91,96,125,130,150,112,101,72,116,120,164,144,107,153,167,213,205,182,255,285,367,392,428,445,467,482,591,804,994,1114,1119,1137,1149,1157,1176,1197,1236,1259,1293,1314,1340,1352,1419,1520,1597,1642,1692,1727,1733,1772,1861,1930,1927,1952,2084,2395,2662
"Senegal",0,0,0,0,0,0,0,0,0,0,0,0,0,0,0,0,0,0,0,0,0,0,0,0,0,0,0,0,0,0,0,0,0,0,0,0,0,0,0,0,0,0,0,0,0,0,0,0,0,0,0,0,0,0,0,0,0,0,0,0,0,0,0,0,1,1,1,0,0,0,0,0,1,5,6,7,3,3,3,3,5,7,10,11,10,11,9,11,10,12,14,15,16,11,11,10,9,6,6,7,8,9,11,10,9,7,11,15,14,12,11,12,21,25,34,44,57,64,63,70,70,66,67,78,83,82,71,84,74,74,67,72,112,120,132,101,105,108,120
"Serbia",0,0,0,0,0,0,0,0,0,0,0,0,0,0,0,0,0,0,0,0,0,0,0,0,0,0,0,0,0,0,0,0,0,0,0,0,0,0,0,0,0,0,0,0,0,0,0,0,0,0,0,0,0,0,0,0,0,0,0,0,0,0,0,0,0,0,0,0,0,0,1,6,8,12,9,10,5,9,13,23,21,18,21,29,33,38,54,69,119,119,95,80,106,143,192,188,246,241,274,253,222,219,238,254,316,362,414,421,408,374,333,313,299,265,215,198,222,255,264,239,227,245,236,213,152,117,105,109,97,89,80,89,78,70,60,66,65,67,60
"Seychelles",0,0,0,0,0,0,0,0,0,0,0,0,0,0,0,0,0,0,0,0,0,0,0,0,0,0,0,0,0,0,0,0,0,0,0,0,0,0,0,0,0,0,0,0,0,0,0,0,0,0,0,0,0,0,0,0,0,0,0,0,0,0,0,0,0,0,0,0,0,0,0,0,0,0,1,1,1,1,1,1,1,0,0,0,0,0,0,0,0,0,1,1,1,0,0,0,0,0,0,0,0,0,0,0,0,0,0,0,0,0,0,0,0,0,0,0,0,0,0,0,0,0,0,0,0,0,0,0,0,0,0,0,0,0,0,0,0,0,0
"Sierra_Leone",0,0,0,0,0,0,0,0,0,0,0,0,0,0,0,0,0,0,0,0,0,0,0,0,0,0,0,0,0,0,0,0,0,0,0,0,0,0,0,0,0,0,0,0,0,0,0,0,0,0,0,0,0,0,0,0,0,0,0,0,0,0,0,0,0,0,0,0,0,0,0,0,0,0,0,0,0,0,0,0,0,0,0,0,0,0,0,0,0,0,0,0,0,1,0,1,1,1,1,0,0,1,1,1,1,0,1,1,5,6,7,6,7,9,7,11,7,10,6,7,8,8,11,13,11,14,15,23,18,19,22,25,27,16,27,23,36,25,23
"Singapore",0,0,0,0,0,0,0,0,0,0,0,0,0,0,0,0,0,0,0,0,0,0,0,1,1,1,0,1,1,2,3,3,3,2,1,2,3,4,3,4,4,4,2,2,4,7,7,6,3,3,3,3,2,2,1,1,1,1,2,2,3,3,3,3,2,3,7,9,11,10,9,9,9,11,12,13,14,17,29,34,40,40,37,41,42,38,28,58,78,83,37,25,52,68,78,63,87,87,97,105,178,143,225,208,336,318,389,503,599,764,720,988,1044,1184,1055,684,851,815,1082,753,672,582,717,636,679,559,621,664,720,766,754,799,693,737,670,770,740,670,574
"Sint_Maarten",0,0,0,0,0,0,0,0,0,0,0,0,0,0,0,0,0,0,0,0,0,0,0,0,0,0,0,0,0,0,0,0,0,0,0,0,0,0,0,0,0,0,0,0,0,0,0,0,0,0,0,0,0,0,0,0,0,0,0,0,0,0,0,0,0,0,0,0,0,0,0,0,0,0,0,0,0,0,0,0,0,0,0,0,0,0,0,1,0,0,0,1,4,7,6,2,1,1,6,5,8,3,3,0,1,1,2,2,2,2,3,4,1,2,2,2,0,0,1,1,1,0,0,0,0,0,0,0,0,0,0,0,0,0,0,0,0,0,0
"Slovakia",0,0,0,0,0,0,0,0,0,0,0,0,0,0,0,0,0,0,0,0,0,0,0,0,0,0,0,0,0,0,0,0,0,0,0,0,0,0,0,0,0,0,0,0,0,0,0,0,0,0,0,0,0,0,0,0,0,0,0,0,0,0,0,0,0,0,0,1,2,1,1,2,5,8,11,13,18,18,15,13,13,24,21,18,9,10,12,30,26,37,14,23,21,30,29,24,20,28,37,66,56,45,15,14,18,36,40,69,71,75,61,41,37,28,51,54,43,18,7,4,4,5,6,5,4,3,5,7,11,11,9,4,1,3,4,7,5,8,10
"Slovenia",0,0,0,0,0,0,0,0,0,0,0,0,0,0,0,0,0,0,0,0,0,0,0,0,0,0,0,0,0,0,0,0,0,0,0,0,0,0,0,0,0,0,0,0,0,0,0,0,0,0,0,0,0,0,0,0,0,0,0,0,0,0,0,0,0,2,3,4,3,2,6,14,27,37,41,41,37,31,22,22,22,32,32,34,32,38,45,51,54,51,44,41,37,45,40,45,33,29,26,31,34,35,32,27,17,11,14,19,28,23,21,10,8,8,10,11,12,14,11,7,4,7,9,7,3,2,2,3,3,2,2,3,3,2,2,1,1,1,0
"Somalia",0,0,0,0,0,0,0,0,0,0,0,0,0,0,0,0,0,0,0,0,0,0,0,0,0,0,0,0,0,0,0,0,0,0,0,0,0,0,0,0,0,0,0,0,0,0,0,0,0,0,0,0,0,0,0,0,0,0,0,0,0,0,0,0,0,0,0,0,0,0,0,0,0,0,0,0,0,0,0,0,0,0,0,0,0,0,0,1,1,0,0,0,1,1,1,1,1,1,0,0,2,4,4,4,1,13,18,18,19,18,28,40,50,41,30,14,35,36,51,46,49,40,24,30,40,52,55,50,57,31,41,42,54,58,55,65,38,46,49
"South_Africa",0,0,0,0,0,0,0,0,0,0,0,0,0,0,0,0,0,0,0,0,0,0,0,0,0,0,0,0,0,0,0,0,0,0,0,0,0,0,0,0,0,0,0,0,0,0,0,0,0,0,0,0,0,0,0,0,0,0,0,0,0,0,0,0,0,0,0,1,1,2,2,3,3,6,4,11,13,20,22,29,40,41,41,66,106,145,175,204,159,118,52,55,33,45,51,68,64,60,55,63,83,85,61,80,90,129,111,111,123,176,184,172,144,159,218,252,242,198,191,212,268,285,318,329,379,423,412,342,337,441,537,594,586,643,686,696,725,760,816
"South_Korea",0,0,0,0,0,0,0,0,0,0,0,0,0,0,0,0,0,0,0,0,0,0,0,0,0,1,1,1,0,0,1,3,4,3,1,1,3,3,2,1,1,1,1,0,0,0,0,1,1,6,17,41,100,174,202,182,182,278,377,595,644,730,627,601,518,491,480,456,366,249,207,162,155,110,98,86,78,84,110,111,129,111,103,79,80,93,98,114,114,110,103,68,105,92,123,87,74,58,49,46,40,22,30,29,38,26,25,24,21,16,13,10,11,9,8,8,9,10,11,11,9,7,6,9,9,8,4,3,6,11,21,29,32,29,27,27,25,20,15
"South_Sudan",0,0,0,0,0,0,0,0,0,0,0,0,0,0,0,0,0,0,0,0,0,0,0,0,0,0,0,0,0,0,0,0,0,0,0,0,0,0,0,0,0,0,0,0,0,0,0,0,0,0,0,0,0,0,0,0,0,0,0,0,0,0,0,0,0,0,0,0,0,0,0,0,0,0,0,0,0,0,0,0,0,0,0,0,0,0,0,0,0,0,0,0,0,0,0,0,0,0,0,0,0,1,1,1,0,0,0,0,0,0,0,0,0,0,0,0,0,1,0,10,9,10,4,4,4,0,2,9,15,23,23,22,12,17,16,25,14,11,2
"Spain",0,0,0,0,0,0,0,0,0,0,0,0,0,0,0,0,0,0,0,0,0,0,0,0,0,0,0,0,0,0,0,0,0,0,0,0,0,0,0,0,0,0,0,0,0,0,0,0,0,0,0,0,0,0,0,0,2,5,11,15,22,34,46,62,71,113,166,249,332,512,727,967,1220,1456,1786,1844,2118,2634,3415,4103,4687,4960,4986,5734,6963,8399,8896,8793,7950,6827,6794,7124,7714,7423,7173,6489,5288,4803,4820,5512,5288,4944,4329,3826,3348,3523,3787,4021,3825,2314,1780,1485,2494,2726,2447,2512,2087,1936,1609,1344,1204,1158,1287,1185,878,813,795,947,991,946,1777,1517,1430,438,590,644,669,386,172
"Sri_Lanka",0,0,0,0,0,0,0,0,0,0,0,0,0,0,0,0,0,0,0,0,0,0,0,0,0,0,0,0,0,0,0,0,0,0,0,0,0,0,0,0,0,0,0,0,0,0,0,0,0,0,0,0,0,0,0,0,0,0,0,0,0,0,0,0,0,0,0,0,0,0,0,0,1,2,3,5,8,10,8,8,8,12,11,10,8,5,3,1,4,5,5,2,8,9,10,5,6,9,9,8,4,4,3,7,7,11,9,7,4,6,19,20,19,12,21,37,44,52,56,52,42,26,24,19,18,22,22,26,23,21,17,13,11,14,17,19,15,15,20
"Sudan",0,0,0,0,0,0,0,0,0,0,0,0,0,0,0,0,0,0,0,0,0,0,0,0,0,0,0,0,0,0,0,0,0,0,0,0,0,0,0,0,0,0,0,0,0,0,0,0,0,0,0,0,0,0,0,0,0,0,0,0,0,0,0,0,0,0,0,0,0,0,0,0,0,0,0,0,0,0,0,0,0,0,0,0,0,0,0,0,1,1,1,1,1,0,0,1,2,2,1,1,1,0,2,2,5,4,4,1,0,11,11,20,14,25,23,22,24,25,34,35,46,56,41,72,79,79,62,58,84,111,104,144,138,166,152,146,101,49,0
"Suriname",0,0,0,0,0,0,0,0,0,0,0,0,0,0,0,0,0,0,0,0,0,0,0,0,0,0,0,0,0,0,0,0,0,0,0,0,0,0,0,0,0,0,0,0,0,0,0,0,0,0,0,0,0,0,0,0,0,0,0,0,0,0,0,0,0,0,0,0,0,0,0,0,0,0,0,0,0,0,0,0,0,1,1,2,1,1,1,0,0,0,0,1,1,1,0,0,0,0,0,0,0,0,0,0,0,0,0,0,0,0,0,0,0,0,0,0,0,0,0,0,0,0,0,0,0,0,0,0,0,0,0,0,0,0,0,0,0,0,0
"Sweden",0,0,0,0,0,0,0,0,0,0,0,0,0,0,0,0,0,0,0,0,0,0,0,0,0,0,0,0,0,0,0,0,0,0,0,0,0,0,0,0,0,0,0,0,0,0,0,0,0,0,0,0,0,0,0,0,0,0,2,4,4,2,1,4,7,15,38,42,47,37,55,86,124,150,154,137,115,81,90,101,152,148,161,131,175,201,263,258,312,298,327,329,416,479,548,499,455,376,417,530,645,664,577,447,421,431,481,531,590,632,615,520,500,540,659,748,724,628,453,481,554,722,633,593,408,400,378,534,634,683,668,566,468,450,529,637,645,589,522
"Switzerland",0,0,0,0,0,0,0,0,0,0,0,0,0,0,0,0,0,0,0,0,0,0,0,0,0,0,0,0,0,0,0,0,0,0,0,0,0,0,0,0,0,0,0,0,0,0,0,0,0,0,0,0,0,0,0,0,0,0,3,4,6,5,6,6,11,19,57,69,82,55,75,103,160,210,239,449,360,430,270,563,730,1022,1028,1058,904,914,900,1105,1146,1187,1103,985,932,927,1040,1044,943,782,654,563,640,688,703,575,424,311,372,384,415,329,336,276,220,176,196,205,208,188,162,123,115,141,147,137,106,92,64,52,48,66,64,60,46,43,36,40,45,53,56
"Syria",0,0,0,0,0,0,0,0,0,0,0,0,0,0,0,0,0,0,0,0,0,0,0,0,0,0,0,0,0,0,0,0,0,0,0,0,0,0,0,0,0,0,0,0,0,0,0,0,0,0,0,0,0,0,0,0,0,0,0,0,0,0,0,0,0,0,0,0,0,0,0,0,0,0,0,0,0,0,0,0,0,0,0,0,0,0,1,1,1,1,2,2,0,2,2,2,1,1,1,0,0,0,2,2,2,1,3,3,3,2,2,0,1,1,1,0,0,0,0,0,0,0,0,0,0,0,0,0,0,1,1,1,0,0,0,0,1,1,1
"Taiwan",0,0,0,0,0,0,0,0,0,0,0,0,0,0,0,0,0,0,0,0,0,0,0,0,1,1,1,1,2,1,1,1,1,0,0,0,0,2,2,2,1,0,0,0,0,0,0,1,1,1,1,1,1,1,1,1,2,1,1,3,3,2,1,1,1,1,1,1,0,0,1,1,1,2,4,3,5,6,16,14,19,15,19,20,21,23,19,17,16,18,13,13,11,11,11,8,8,6,4,5,2,1,2,3,4,3,2,1,0,1,8,9,9,2,2,1,1,1,0,0,0,0,0,1,2,3,2,1,1,1,0,0,0,0,0,0,0,0,0
"Tajikistan",0,0,0,0,0,0,0,0,0,0,0,0,0,0,0,0,0,0,0,0,0,0,0,0,0,0,0,0,0,0,0,0,0,0,0,0,0,0,0,0,0,0,0,0,0,0,0,0,0,0,0,0,0,0,0,0,0,0,0,0,0,0,0,0,0,0,0,0,0,0,0,0,0,0,0,0,0,0,0,0,0,0,0,0,0,0,0,0,0,0,0,0,0,0,0,0,0,0,0,0,0,0,0,0,0,0,0,0,0,0,0,0,0,0,0,0,0,0,0,0,0,5,5,11,20,72,87,101,77,76,78,50,46,39,63,82,130,174,206
"Thailand",0,0,0,0,0,0,0,0,0,0,0,0,0,0,0,0,0,0,0,0,0,1,1,1,0,0,1,3,3,2,0,2,2,2,0,2,2,2,2,2,2,0,0,0,0,0,0,0,0,0,0,0,0,0,0,1,2,2,1,1,1,1,0,0,1,1,2,1,1,0,3,7,7,8,4,15,32,32,21,12,63,141,170,154,112,108,103,67,67,84,172,135,128,75,109,133,115,93,67,68,72,50,43,35,32,31,31,29,19,20,22,31,26,25,16,14,28,28,28,5,11,7,7,4,3,9,7,7,2,4,5,8,5,4,1,1,3,4,4
"Timor_Leste",0,0,0,0,0,0,0,0,0,0,0,0,0,0,0,0,0,0,0,0,0,0,0,0,0,0,0,0,0,0,0,0,0,0,0,0,0,0,0,0,0,0,0,0,0,0,0,0,0,0,0,0,0,0,0,0,0,0,0,0,0,0,0,0,0,0,0,0,0,0,0,0,0,0,0,0,0,0,0,0,0,0,0,0,0,0,0,0,0,0,0,0,0,0,0,0,0,0,0,0,0,0,0,0,1,1,1,5,4,4,0,1,2,1,0,0,0,0,0,0,0,0,0,0,0,0,0,0,0,0,0,0,0,0,0,0,0,0,0
"Togo",0,0,0,0,0,0,0,0,0,0,0,0,0,0,0,0,0,0,0,0,0,0,0,0,0,0,0,0,0,0,0,0,0,0,0,0,0,0,0,0,0,0,0,0,0,0,0,0,0,0,0,0,0,0,0,0,0,0,0,0,0,0,0,0,0,0,0,0,0,0,0,0,0,0,0,0,0,0,0,0,3,5,5,3,1,3,2,2,2,2,3,2,2,2,2,2,2,6,8,9,5,4,2,1,0,0,2,1,2,1,1,0,1,1,1,1,3,3,3,1,4,6,8,5,3,1,2,1,3,6,8,13,12,15,15,19,21,26,32
"Trinidad_and_Tobago",0,0,0,0,0,0,0,0,0,0,0,0,0,0,0,0,0,0,0,0,0,0,0,0,0,0,0,0,0,0,0,0,0,0,0,0,0,0,0,0,0,0,0,0,0,0,0,0,0,0,0,0,0,0,0,0,0,0,0,0,0,0,0,0,0,0,0,0,0,0,0,0,0,1,1,1,1,2,2,1,1,13,14,14,3,3,5,3,5,4,6,4,4,4,4,5,2,2,1,1,1,1,2,1,1,0,0,0,0,0,0,0,0,0,0,0,0,0,0,0,0,0,0,0,0,0,0,0,0,0,0,0,0,0,0,0,0,0,0
"Tunisia",0,0,0,0,0,0,0,0,0,0,0,0,0,0,0,0,0,0,0,0,0,0,0,0,0,0,0,0,0,0,0,0,0,0,0,0,0,0,0,0,0,0,0,0,0,0,0,0,0,0,0,0,0,0,0,0,0,0,0,0,0,0,0,0,0,0,0,0,0,0,1,2,4,4,3,2,1,3,4,6,10,10,12,12,18,33,28,38,18,35,28,45,39,48,31,34,33,40,34,23,23,25,21,21,18,21,24,32,39,29,19,7,12,7,11,7,13,10,15,12,10,9,8,10,6,7,4,4,3,3,2,2,1,0,0,0,1,1,1
"Turkey",0,0,0,0,0,0,0,0,0,0,0,0,0,0,0,0,0,0,0,0,0,0,0,0,0,0,0,0,0,0,0,0,0,0,0,0,0,0,0,0,0,0,0,0,0,0,0,0,0,0,0,0,0,0,0,0,0,0,0,0,0,0,0,0,0,0,0,0,0,0,0,0,1,1,0,5,15,32,58,104,191,252,292,286,308,399,700,1275,1656,1863,1710,2043,2154,2436,2463,2752,2978,3099,3392,3719,4022,4307,4647,4891,4673,4315,4145,4381,4478,4312,4038,4145,4421,4123,3603,3107,3033,2780,2450,2293,2486,2648,2580,2262,1947,1756,1705,1900,2021,2026,1790,1645,1401,1453,1486,1659,1661,1651,1643
"Turks_and_Caicos_islands",0,0,0,0,0,0,0,0,0,0,0,0,0,0,0,0,0,0,0,0,0,0,0,0,0,0,0,0,0,0,0,0,0,0,0,0,0,0,0,0,0,0,0,0,0,0,0,0,0,0,0,0,0,0,0,0,0,0,0,0,0,0,0,0,0,0,0,0,0,0,0,0,0,0,0,0,0,0,0,0,0,0,0,0,0,0,1,0,1,1,1,0,0,0,0,0,0,1,1,1,0,0,0,0,0,0,1,0,0,0,0,0,0,0,0,0,0,0,0,0,0,0,0,0,0,0,0,0,0,0,0,0,0,0,0,0,0,0,0
"Uganda",0,0,0,0,0,0,0,0,0,0,0,0,0,0,0,0,0,0,0,0,0,0,0,0,0,0,0,0,0,0,0,0,0,0,0,0,0,0,0,0,0,0,0,0,0,0,0,0,0,0,0,0,0,0,0,0,0,0,0,0,0,0,0,0,0,0,0,0,0,0,0,0,0,0,0,0,0,0,0,0,0,0,0,3,3,4,2,2,5,6,6,5,4,4,1,1,2,1,1,0,0,0,0,0,0,1,0,0,0,0,0,0,1,2,6,6,5,2,1,1,1,1,2,2,2,4,3,3,1,1,6,7,7,3,6,13,26,29,30
"Ukraine",0,0,0,0,0,0,0,0,0,0,0,0,0,0,0,0,0,0,0,0,0,0,0,0,0,0,0,0,0,0,0,0,0,0,0,0,0,0,0,0,0,0,0,0,0,0,0,0,0,0,0,0,0,0,0,0,0,0,0,0,0,0,0,0,0,0,0,0,0,0,0,0,1,1,1,0,1,4,5,7,4,7,7,16,14,22,28,45,66,87,87,79,125,108,146,101,149,111,122,139,191,247,281,295,300,287,461,453,578,429,416,340,381,487,507,511,482,454,295,264,286,466,484,515,502,490,429,424,453,499,509,514,484,438,398,400,436,478,513
"United_Arab_Emirates",0,0,0,0,0,0,0,0,0,0,0,0,0,0,0,0,0,0,0,0,0,0,0,0,0,0,0,0,0,1,1,1,0,0,0,0,0,0,1,1,1,0,0,0,0,0,0,0,0,0,0,0,1,1,1,1,0,0,2,2,3,1,1,2,2,3,1,6,5,10,10,10,9,4,4,0,4,9,9,14,9,13,4,19,32,60,45,52,45,45,69,65,65,138,120,280,258,351,285,287,305,334,359,378,387,399,414,435,297,312,319,480,484,486,497,509,525,531,519,522,527,547,553,557,561,564,531,525,503,534,560,653,695,748,729,735,723,747,780
"United_Kingdom",0,0,0,0,0,0,0,0,0,0,0,0,0,0,0,0,0,0,0,0,0,0,0,0,0,0,0,0,0,0,1,1,1,0,0,0,0,0,0,1,0,2,1,2,0,0,0,0,0,0,0,0,0,0,1,1,1,0,1,2,3,7,7,9,16,25,37,40,53,53,56,61,90,111,228,267,279,270,413,578,678,796,802,889,1020,1282,1669,2155,2520,2621,2533,2687,3317,3859,4339,4143,4696,4480,4446,4309,4490,5010,6086,6401,6116,4961,4732,4824,4940,5247,5658,5350,4942,4476,4445,4807,4961,4921,4562,4256,4127,4701,5436,5680,5115,4377,4243,4867,5377,5458,4686,4156,3899,3734,3507,3364,3416,3485,3487
"United_Republic_of_Tanzania",0,0,0,0,0,0,0,0,0,0,0,0,0,0,0,0,0,0,0,0,0,0,0,0,0,0,0,0,0,0,0,0,0,0,0,0,0,0,0,0,0,0,0,0,0,0,0,0,0,0,0,0,0,0,0,0,0,0,0,0,0,0,0,0,0,0,0,0,0,0,0,0,0,0,0,0,0,0,1,1,1,1,3,3,2,0,0,0,0,0,2,2,2,1,1,0,0,1,1,1,0,3,2,2,5,7,19,16,31,20,25,8,35,38,38,15,5,5,0,2,60,60,58,0,0,0,0,0,10,10,10,0,0,0,0,0,0,0,0
"United_States_of_America",0,0,0,0,0,0,0,0,0,0,0,0,0,0,0,0,0,0,0,0,0,0,0,0,0,0,1,1,1,0,0,1,1,2,1,1,0,0,0,0,0,0,0,1,1,1,0,0,0,0,0,0,7,7,6,6,6,8,2,4,3,10,12,19,23,43,71,91,107,139,197,253,303,383,546,704,829,1159,1880,3196,4399,5777,6985,8939,9495,11329,13183,16485,18490,19011,19978,21651,24565,26973,29449,31839,30698,30077,28857,31499,32612,34250,32606,30513,27011,26522,27364,29579,30883,31807,29452,28529,29985,27647,27140,21828,32141,32246,32642,24510,24666,27125,30399,31053,29405,25618,23802,23521,25446,26485,26979,24276,21329,20141,20316,23324,24478,25713,24827
"United_States_Virgin_Islands",0,0,0,0,0,0,0,0,0,0,0,0,0,0,0,0,0,0,0,0,0,0,0,0,0,0,0,0,0,0,0,0,0,0,0,0,0,0,0,0,0,0,0,0,0,0,0,0,0,0,0,0,0,0,0,0,0,0,0,0,0,0,0,0,0,0,0,0,0,0,0,0,0,0,0,0,0,0,0,0,0,0,0,6,6,6,0,1,2,4,4,3,0,1,3,3,3,1,2,1,3,2,2,0,0,0,0,0,0,1,1,1,0,0,0,0,0,0,2,1,4,2,2,0,0,0,0,0,0,1,1,1,0,0,0,0,0,0,0
"Uruguay",0,0,0,0,0,0,0,0,0,0,0,0,0,0,0,0,0,0,0,0,0,0,0,0,0,0,0,0,0,0,0,0,0,0,0,0,0,0,0,0,0,0,0,0,0,0,0,0,0,0,0,0,0,0,0,0,0,0,0,0,0,0,0,0,0,0,0,0,0,0,0,0,0,0,2,3,10,15,24,22,20,19,21,17,18,20,25,16,14,19,29,24,15,12,14,16,16,13,9,6,7,10,9,11,9,10,9,10,8,8,9,9,9,7,7,7,16,16,19,10,8,8,8,7,4,3,6,6,9,8,10,8,6,5,4,4,5,5,3
"Uzbekistan",0,0,0,0,0,0,0,0,0,0,0,0,0,0,0,0,0,0,0,0,0,0,0,0,0,0,0,0,0,0,0,0,0,0,0,0,0,0,0,0,0,0,0,0,0,0,0,0,0,0,0,0,0,0,0,0,0,0,0,0,0,0,0,0,0,0,0,0,0,0,0,0,0,0,0,2,3,5,6,5,6,3,8,5,7,6,11,16,23,21,15,13,14,14,18,26,51,57,79,71,62,40,80,94,125,123,146,127,95,64,62,69,66,50,40,48,50,36,23,25,38,47,52,42,34,32,27,28,36,43,51,40,58,53,65,45,48,43,49
"Venezuela",0,0,0,0,0,0,0,0,0,0,0,0,0,0,0,0,0,0,0,0,0,0,0,0,0,0,0,0,0,0,0,0,0,0,0,0,0,0,0,0,0,0,0,0,0,0,0,0,0,0,0,0,0,0,0,0,0,0,0,0,0,0,0,0,0,0,0,0,0,0,0,0,0,0,3,5,11,8,6,0,1,1,1,16,18,23,8,9,4,4,5,5,8,3,3,0,1,5,7,6,4,3,3,3,5,6,5,5,11,10,17,10,19,11,14,11,12,9,4,2,2,1,2,5,8,9,7,7,7,7,8,11,11,7,9,11,12,21,31
"Vietnam",0,0,0,0,0,0,0,0,0,0,0,0,0,0,0,0,0,0,0,0,0,0,0,1,1,1,0,0,0,0,1,1,2,1,1,1,1,1,1,1,1,1,0,1,0,0,0,0,0,0,0,0,0,0,0,0,0,0,0,0,0,0,0,0,0,0,0,2,5,6,6,3,3,5,5,4,3,5,6,9,7,6,11,15,14,11,10,11,12,13,12,8,10,10,9,3,3,4,3,3,2,2,2,2,3,2,1,0,0,0,0,0,0,0,1,1,1,0,0,0,0,0,0,0,0,0,0,0,6,6,6,0,0,0,0,8,8,10,4
"Western_Sahara",0,0,0,0,0,0,0,0,0,0,0,0,0,0,0,0,0,0,0,0,0,0,0,0,0,0,0,0,0,0,0,0,0,0,0,0,0,0,0,0,0,0,0,0,0,0,0,0,0,0,0,0,0,0,0,0,0,0,0,0,0,0,0,0,0,0,0,0,0,0,0,0,0,0,0,0,0,0,0,0,0,0,0,0,0,0,0,0,0,0,0,0,0,0,0,0,0,0,0,0,0,0,0,0,0,0,0,0,0,0,0,0,0,0,0,0,2,2,2,0,0,0,0,0,0,0,0,0,0,0,0,0,0,0,0,0,0,0,0
"Yemen",0,0,0,0,0,0,0,0,0,0,0,0,0,0,0,0,0,0,0,0,0,0,0,0,0,0,0,0,0,0,0,0,0,0,0,0,0,0,0,0,0,0,0,0,0,0,0,0,0,0,0,0,0,0,0,0,0,0,0,0,0,0,0,0,0,0,0,0,0,0,0,0,0,0,0,0,0,0,0,0,0,0,0,0,0,0,0,0,0,0,0,0,0,0,0,0,0,0,0,0,0,0,0,0,0,0,0,0,0,0,0,0,0,0,0,0,0,0,0,0,2,2,2,1,1,2,4,5,5,4,3,8,7,11,6,10,13,18,18
"Zambia",0,0,0,0,0,0,0,0,0,0,0,0,0,0,0,0,0,0,0,0,0,0,0,0,0,0,0,0,0,0,0,0,0,0,0,0,0,0,0,0,0,0,0,0,0,0,0,0,0,0,0,0,0,0,0,0,0,0,0,0,0,0,0,0,0,0,0,0,0,0,0,0,0,0,0,0,0,0,1,1,1,0,0,0,0,3,4,4,5,5,6,2,2,1,1,1,0,0,0,0,0,0,0,1,2,2,2,1,2,3,4,4,3,4,4,6,3,4,2,4,3,6,5,7,6,9,7,7,5,9,35,38,33,63,60,129,76,78,12
"Zimbabwe",0,0,0,0,0,0,0,0,0,0,0,0,0,0,0,0,0,0,0,0,0,0,0,0,0,0,0,0,0,0,0,0,0,0,0,0,0,0,0,0,0,0,0,0,0,0,0,0,0,0,0,0,0,0,0,0,0,0,0,0,0,0,0,0,0,0,0,0,0,0,0,0,0,0,0,0,0,0,0,0,0,1,1,0,0,0,0,1,1,1,1,0,0,0,0,0,0,0,0,1,1,0,1,1,2,1,3,2,2,1,0,0,1,1,1,0,1,1,1,0,1,1,1,0,0,0,0,0,0,0,1,1,1,0,0,0,2,2,3
